[2026-08-26 16:50:32Z INFO HostContext] No proxy settings were found based on environmental variables (http_proxy/https_proxy/HTTP_PROXY/HTTPS_PROXY)
[2026-08-26 16:50:32Z INFO HostContext] Well known directory 'Bin': 'C:\Users\idoo1\Desktop\project\docker\docker-projects\project3\actions-runner\bin'
[2026-08-26 16:50:32Z INFO HostContext] Well known directory 'Root': 'C:\Users\idoo1\Desktop\project\docker\docker-projects\project3\actions-runner'
[2026-08-26 16:50:32Z INFO HostContext] Well known config file 'Credentials': 'C:\Users\idoo1\Desktop\project\docker\docker-projects\project3\actions-runner\.credentials'
[2026-08-26 16:50:32Z INFO HostContext] Well known directory 'Bin': 'C:\Users\idoo1\Desktop\project\docker\docker-projects\project3\actions-runner\bin'
[2026-08-26 16:50:32Z INFO HostContext] Well known directory 'Root': 'C:\Users\idoo1\Desktop\project\docker\docker-projects\project3\actions-runner'
[2026-08-26 16:50:32Z INFO HostContext] Well known config file 'Runner': 'C:\Users\idoo1\Desktop\project\docker\docker-projects\project3\actions-runner\.runner'
[2026-08-26 16:50:32Z INFO Worker] Version: 2.336.0
[2026-08-26 16:50:32Z INFO Worker] Commit: 98aabcd429c4e8402406c56ce2d26387fed3b9ce
[2026-08-26 16:50:32Z INFO Worker] Culture: he-IL
[2026-08-26 16:50:32Z INFO Worker] UI Culture: he-IL
[2026-08-26 16:50:32Z INFO Worker] Waiting to receive the job message from the channel.
[2026-08-26 16:50:32Z INFO ProcessChannel] Receiving message of length 23021, with hash '2092b47609c9a2d702d4665c60d151c499bbea23fa6794b7943f9be9f7dad39e'
[2026-08-26 16:50:32Z INFO Worker] Message received.
[2026-08-26 16:50:32Z INFO Worker] Job message:
 {
  "environmentVariables": [
    {
      "type": 2,
      "file": 1,
      "line": 8,
      "col": 3,
      "map": [
        {
          "key": {
            "type": 0,
            "file": 1,
            "line": 8,
            "col": 3,
            "lit": "IMAGE_NAME"
          },
          "value": {
            "type": 3,
            "file": 1,
            "line": 8,
            "col": 15,
            "expr": "format('ghcr.io/{0}/project3-api', github.repository_owner)"
          }
        }
      ]
    }
  ],
  "fileTable": [
    ".github/workflows/ci-cd.yml"
  ],
  "mask": [
    {
      "type": "regex",
      "value": "***"
    },
    {
      "type": "regex",
      "value": "***"
    },
    {
      "type": "regex",
      "value": "***"
    },
    {
      "type": "regex",
      "value": "***"
    },
    {
      "type": "regex",
      "value": "***"
    },
    {
      "type": "regex",
      "value": "***"
    },
    {
      "type": "regex",
      "value": "***"
    },
    {
      "type": "regex",
      "value": "***"
    },
    {
      "type": "regex",
      "value": "***"
    },
    {
      "type": "regex",
      "value": "***"
    },
    {
      "type": "regex",
      "value": "***"
    },
    {
      "type": "regex",
      "value": "***"
    },
    {
      "type": "regex",
      "value": "***"
    },
    {
      "type": "regex",
      "value": "***"
    },
    {
      "type": "regex",
      "value": "***"
    },
    {
      "type": "regex",
      "value": "***"
    },
    {
      "type": "regex",
      "value": "***"
    },
    {
      "type": "regex",
      "value": "***"
    },
    {
      "type": "regex",
      "value": "***"
    },
    {
      "type": "regex",
      "value": "***"
    },
    {
      "type": "regex",
      "value": "***"
    },
    {
      "type": "regex",
      "value": "***"
    },
    {
      "type": "regex",
      "value": "***"
    },
    {
      "type": "regex",
      "value": "***"
    }
  ],
  "steps": [
    {
      "type": "action",
      "reference": {
        "type": "repository",
        "name": "actions/checkout",
        "ref": "v4",
        "repositoryType": "GitHub"
      },
      "contextName": "__actions_checkout",
      "condition": "success()",
      "id": "156c66cd-78ed-4a28-85ba-74071cf704dc",
      "name": "__actions_checkout"
    },
    {
      "type": "action",
      "reference": {
        "type": "script"
      },
      "displayNameToken": {
        "type": 0,
        "file": 1,
        "line": 15,
        "col": 15,
        "lit": "Build image"
      },
      "contextName": "__run",
      "inputs": {
        "type": 2,
        "map": [
          {
            "key": "script",
            "value": {
              "type": 3,
              "file": 1,
              "line": 16,
              "col": 14,
              "expr": "format('docker build -t $IMAGE_NAME:{0} ./app', github.sha)"
            }
          }
        ]
      },
      "condition": "success()",
      "id": "86b78a1d-5671-460e-973a-a5d04937fb26",
      "name": "__run"
    },
    {
      "type": "action",
      "reference": {
        "type": "script"
      },
      "displayNameToken": {
        "type": 0,
        "file": 1,
        "line": 17,
        "col": 15,
        "lit": "Save image"
      },
      "contextName": "__run_2",
      "inputs": {
        "type": 2,
        "map": [
          {
            "key": "script",
            "value": {
              "type": 3,
              "file": 1,
              "line": 18,
              "col": 14,
              "expr": "format('docker save $IMAGE_NAME:{0} -o image.tar', github.sha)"
            }
          }
        ]
      },
      "condition": "success()",
      "id": "f8d36792-78d8-4776-ae10-12dafc688be6",
      "name": "__run_2"
    },
    {
      "type": "action",
      "reference": {
        "type": "repository",
        "name": "actions/upload-artifact",
        "ref": "v4",
        "repositoryType": "GitHub"
      },
      "contextName": "__actions_upload-artifact",
      "inputs": {
        "type": 2,
        "file": 1,
        "line": 21,
        "col": 11,
        "map": [
          {
            "key": {
              "type": 0,
              "file": 1,
              "line": 21,
              "col": 11,
              "lit": "name"
            },
            "value": {
              "type": 0,
              "file": 1,
              "line": 21,
              "col": 17,
              "lit": "docker-image"
            }
          },
          {
            "key": {
              "type": 0,
              "file": 1,
              "line": 22,
              "col": 11,
              "lit": "path"
            },
            "value": {
              "type": 0,
              "file": 1,
              "line": 22,
              "col": 17,
              "lit": "image.tar"
            }
          }
        ]
      },
      "condition": "success()",
      "id": "32bf8426-1dad-4fb5-b5aa-e292860a4eb5",
      "name": "__actions_upload-artifact"
    }
  ],
  "variables": {
    "Actions.EnableHttpRedirects": {
      "value": "true"
    },
    "DistributedTask.AddWarningToNode12Action": {
      "value": "true"
    },
    "DistributedTask.AddWarningToNode16Action": {
      "value": "true"
    },
    "DistributedTask.AllowRunnerContainerHooks": {
      "value": "true"
    },
    "DistributedTask.DeprecateStepOutputCommands": {
      "value": "true"
    },
    "DistributedTask.DetailUntarFailure": {
      "value": "true"
    },
    "DistributedTask.EnableCompositeActions": {
      "value": "true"
    },
    "DistributedTask.EnableJobServerQueueTelemetry": {
      "value": "true"
    },
    "DistributedTask.EnhancedAnnotations": {
      "value": "true"
    },
    "DistributedTask.ForceGithubJavascriptActionsToNode16": {
      "value": "true"
    },
    "DistributedTask.ForceGithubJavascriptActionsToNode20": {
      "value": "true"
    },
    "DistributedTask.LogTemplateErrorsAsDebugMessages": {
      "value": "true"
    },
    "DistributedTask.MarkJobAsFailedOnWorkerCrash": {
      "value": "true"
    },
    "DistributedTask.NewActionMetadata": {
      "value": "true"
    },
    "DistributedTask.UploadStepSummary": {
      "value": "true"
    },
    "DistributedTask.UseActionArchiveCache": {
      "value": "true"
    },
    "DistributedTask.UseWhich2": {
      "value": "true"
    },
    "RunService.FixEmbeddedIssues": {
      "value": "true"
    },
    "actions.runner.requirenode24": {
      "value": "false"
    },
    "actions.runner.usenode24bydefault": {
      "value": "true"
    },
    "actions.runner.warnonnode20": {
      "value": "true"
    },
    "actions_add_check_run_id_to_job_context": {
      "value": "true"
    },
    "actions_batch_action_resolution": {
      "value": "false"
    },
    "actions_container_action_runner_temp": {
      "value": "true"
    },
    "actions_display_helpful_actions_download_errors": {
      "value": "true"
    },
    "actions_runner_allow_artifacts_file": {
      "value": "false"
    },
    "actions_runner_compare_workflow_parser": {
      "value": "false"
    },
    "actions_runner_deprecate_linux_arm32": {
      "value": "true"
    },
    "actions_runner_emit_composite_markers": {
      "value": "true"
    },
    "actions_runner_kill_linux_arm32": {
      "value": "false"
    },
    "actions_runner_node20_removal_date": {
      "value": ""
    },
    "actions_runner_node24_default_date": {
      "value": "June 16th, 2026"
    },
    "actions_self_repository": {
      "value": "true"
    },
    "actions_service_container_command": {
      "value": "true"
    },
    "actions_set_orchestration_id_env_for_actions": {
      "value": "true"
    },
    "actions_skip_retry_complete_job_upon_known_errors": {
      "value": "true"
    },
    "actions_snapshot_preflight_hosted_runner_check": {
      "value": "false"
    },
    "actions_snapshot_preflight_image_gen_pool_check": {
      "value": "false"
    },
    "actions_use_bearer_token_for_codeload": {
      "value": "false"
    },
    "actions_uses_cache_service_v2": {
      "value": "true"
    },
    "github_token": {
      "value": "***",
      "isSecret": true
    },
    "system.from_run_service": {
      "value": "true"
    },
    "system.github.job": {
      "value": "build"
    },
    "system.github.launch_endpoint": {
      "value": "https://launch.actions.githubusercontent.com"
    },
    "system.github.results_endpoint": {
      "value": "https://results-receiver.actions.githubusercontent.com/"
    },
    "system.github.results_upload_with_sdk": {
      "value": "true"
    },
    "system.github.token": {
      "value": "***",
      "isSecret": true
    },
    "system.github.token.permissions": {
      "value": "{\"Contents\":\"read\",\"Metadata\":\"read\",\"Packages\":\"read\"}"
    },
    "system.orchestrationId": {
      "value": "70f8f502-2e50-4ae7-bb69-156b965b4742.build.__default"
    },
    "system.phaseDisplayName": {
      "value": "build"
    },
    "system.runner.lowdiskspacethreshold": {
      "value": "100"
    },
    "system.runnerEnvironment": {
      "value": "self-hosted"
    },
    "system.runnerGroupName": {
      "value": "Default"
    }
  },
  "messageType": "RunnerJobRequest",
  "plan": {
    "scopeIdentifier": "00000000-0000-0000-0000-000000000000",
    "planType": "actions",
    "version": 0,
    "planId": "70f8f502-2e50-4ae7-bb69-156b965b4742",
    "planGroup": null,
    "artifactUri": null,
    "artifactLocation": null,
    "definition": null,
    "owner": null
  },
  "timeline": {
    "id": "70f8f502-2e50-4ae7-bb69-156b965b4742",
    "changeId": 0,
    "location": null
  },
  "jobId": "7d1e8951-82b5-571a-a7cd-b9a642030e81",
  "jobDisplayName": "build",
  "jobName": "__default",
  "requestId": 0,
  "lockedUntil": "0001-01-01T00:00:00",
  "resources": {
    "endpoints": [
      {
        "data": {
          "ServerId": "",
          "ServerName": "",
          "CacheServerUrl": "https://artifactcache.actions.githubusercontent.com/ImNP8s6Lfw0HJwdFRoov84sbfTWvuUwW0FfYBl45q0e1akjLbW/",
          "FeedStreamUrl": "wss://results-receiver.actions.githubusercontent.com/_ws/ingest.sock",
          "ResultsServiceUrl": "https://results-receiver.actions.githubusercontent.com/",
          "PipelinesServiceUrl": "https://pipelinesghubeus23.actions.githubusercontent.com/ImNP8s6Lfw0HJwdFRoov84sbfTWvuUwW0FfYBl45q0e1akjLbW/",
          "GenerateIdTokenUrl": "",
          "ConnectivityChecks": "[\"https://broker.actions.githubusercontent.com/health\",\"https://token.actions.githubusercontent.com/ready\",\"https://run.actions.githubusercontent.com/health\"]",
          "ConnectivityAndDNSChecks": ""
        },
        "name": "SystemVssConnection",
        "url": "https://run-actions-1-azure-eastus.actions.githubusercontent.com/174/",
        "authorization": {
          "parameters": {
            "AccessToken": "***"
          },
          "scheme": "OAuth"
        },
        "isShared": false,
        "isReady": true
      }
    ]
  },
  "contextData": {
    "github": {
      "t": 2,
      "d": [
        {
          "k": "ref",
          "v": "refs/heads/main"
        },
        {
          "k": "sha",
          "v": "939e11c494f3510d49809b5d5d66585d5f5eb528"
        },
        {
          "k": "repository",
          "v": "Idoo10502/docker-project"
        },
        {
          "k": "repository_owner",
          "v": "Idoo10502"
        },
        {
          "k": "repository_owner_id",
          "v": "189523198"
        },
        {
          "k": "repositoryUrl",
          "v": "git://github.com/Idoo10502/docker-project.git"
        },
        {
          "k": "run_id",
          "v": "32990699248"
        },
        {
          "k": "run_number",
          "v": "4"
        },
        {
          "k": "retention_days",
          "v": "90"
        },
        {
          "k": "run_attempt",
          "v": "1"
        },
        {
          "k": "artifact_cache_size_limit",
          "v": "10"
        },
        {
          "k": "repository_visibility",
          "v": "public"
        },
        {
          "k": "actor_id",
          "v": "189523198"
        },
        {
          "k": "actor",
          "v": "Idoo10502"
        },
        {
          "k": "workflow",
          "v": "CI/CD Pipeline"
        },
        {
          "k": "head_ref",
          "v": ""
        },
        {
          "k": "base_ref",
          "v": ""
        },
        {
          "k": "event_name",
          "v": "push"
        },
        {
          "k": "server_url",
          "v": "https://github.com"
        },
        {
          "k": "api_url",
          "v": "https://api.github.com"
        },
        {
          "k": "graphql_url",
          "v": "https://api.github.com/graphql"
        },
        {
          "k": "ref_name",
          "v": "main"
        },
        {
          "k": "ref_protected",
          "v": false
        },
        {
          "k": "ref_type",
          "v": "branch"
        },
        {
          "k": "secret_source",
          "v": "Actions"
        },
        {
          "k": "event",
          "v": {
            "t": 2,
            "d": [
              {
                "k": "after",
                "v": "939e11c494f3510d49809b5d5d66585d5f5eb528"
              },
              {
                "k": "base_ref",
                "v": null
              },
              {
                "k": "before",
                "v": "e78f4b9b3833dcf08cbb4e2a6d00cea5da9309b2"
              },
              {
                "k": "commits",
                "v": {
                  "t": 1,
                  "a": [
                    {
                      "t": 2,
                      "d": [
                        {
                          "k": "author",
                          "v": {
                            "t": 2,
                            "d": [
                              {
                                "k": "email",
                                "v": "idoo10502@gmail.com"
                              },
                              {
                                "k": "name",
                                "v": "Idoo10502"
                              },
                              {
                                "k": "username",
                                "v": "Idoo10502"
                              }
                            ]
                          }
                        },
                        {
                          "k": "committer",
                          "v": {
                            "t": 2,
                            "d": [
                              {
                                "k": "email",
                                "v": "idoo10502@gmail.com"
                              },
                              {
                                "k": "name",
                                "v": "Idoo10502"
                              },
                              {
                                "k": "username",
                                "v": "Idoo10502"
                              }
                            ]
                          }
                        },
                        {
                          "k": "distinct",
                          "v": true
                        },
                        {
                          "k": "id",
                          "v": "939e11c494f3510d49809b5d5d66585d5f5eb528"
                        },
                        {
                          "k": "message",
                          "v": "Fix API test imports"
                        },
                        {
                          "k": "timestamp",
                          "v": "2026-08-26T19:41:21+03:00"
                        },
                        {
                          "k": "tree_id",
                          "v": "e6f19dced2865015be0aa3f86335d3378806ee05"
                        },
                        {
                          "k": "url",
                          "v": "https://github.com/Idoo10502/docker-project/commit/939e11c494f3510d49809b5d5d66585d5f5eb528"
                        }
                      ]
                    }
                  ]
                }
              },
              {
                "k": "compare",
                "v": "https://github.com/Idoo10502/docker-project/compare/e78f4b9b3833...939e11c494f3"
              },
              {
                "k": "created",
                "v": false
              },
              {
                "k": "deleted",
                "v": false
              },
              {
                "k": "forced",
                "v": false
              },
              {
                "k": "head_commit",
                "v": {
                  "t": 2,
                  "d": [
                    {
                      "k": "author",
                      "v": {
                        "t": 2,
                        "d": [
                          {
                            "k": "email",
                            "v": "idoo10502@gmail.com"
                          },
                          {
                            "k": "name",
                            "v": "Idoo10502"
                          },
                          {
                            "k": "username",
                            "v": "Idoo10502"
                          }
                        ]
                      }
                    },
                    {
                      "k": "committer",
                      "v": {
                        "t": 2,
                        "d": [
                          {
                            "k": "email",
                            "v": "idoo10502@gmail.com"
                          },
                          {
                            "k": "name",
                            "v": "Idoo10502"
                          },
                          {
                            "k": "username",
                            "v": "Idoo10502"
                          }
                        ]
                      }
                    },
                    {
                      "k": "distinct",
                      "v": true
                    },
                    {
                      "k": "id",
                      "v": "939e11c494f3510d49809b5d5d66585d5f5eb528"
                    },
                    {
                      "k": "message",
                      "v": "Fix API test imports"
                    },
                    {
                      "k": "timestamp",
                      "v": "2026-08-26T19:41:21+03:00"
                    },
                    {
                      "k": "tree_id",
                      "v": "e6f19dced2865015be0aa3f86335d3378806ee05"
                    },
                    {
                      "k": "url",
                      "v": "https://github.com/Idoo10502/docker-project/commit/939e11c494f3510d49809b5d5d66585d5f5eb528"
                    }
                  ]
                }
              },
              {
                "k": "pusher",
                "v": {
                  "t": 2,
                  "d": [
                    {
                      "k": "email",
                      "v": "idoo10502@gmail.com"
                    },
                    {
                      "k": "name",
                      "v": "Idoo10502"
                    }
                  ]
                }
              },
              {
                "k": "ref",
                "v": "refs/heads/main"
              },
              {
                "k": "repository",
                "v": {
                  "t": 2,
                  "d": [
                    {
                      "k": "allow_forking",
                      "v": true
                    },
                    {
                      "k": "archive_url",
                      "v": "https://api.github.com/repos/Idoo10502/docker-project/{archive_format}{/ref}"
                    },
                    {
                      "k": "archived",
                      "v": false
                    },
                    {
                      "k": "assignees_url",
                      "v": "https://api.github.com/repos/Idoo10502/docker-project/assignees{/user}"
                    },
                    {
                      "k": "blobs_url",
                      "v": "https://api.github.com/repos/Idoo10502/docker-project/git/blobs{/sha}"
                    },
                    {
                      "k": "branches_url",
                      "v": "https://api.github.com/repos/Idoo10502/docker-project/branches{/branch}"
                    },
                    {
                      "k": "clone_url",
                      "v": "https://github.com/Idoo10502/docker-project.git"
                    },
                    {
                      "k": "collaborators_url",
                      "v": "https://api.github.com/repos/Idoo10502/docker-project/collaborators{/collaborator}"
                    },
                    {
                      "k": "comments_url",
                      "v": "https://api.github.com/repos/Idoo10502/docker-project/comments{/number}"
                    },
                    {
                      "k": "commits_url",
                      "v": "https://api.github.com/repos/Idoo10502/docker-project/commits{/sha}"
                    },
                    {
                      "k": "compare_url",
                      "v": "https://api.github.com/repos/Idoo10502/docker-project/compare/{base}...{head}"
                    },
                    {
                      "k": "contents_url",
                      "v": "https://api.github.com/repos/Idoo10502/docker-project/contents/{+path}"
                    },
                    {
                      "k": "contributors_url",
                      "v": "https://api.github.com/repos/Idoo10502/docker-project/contributors"
                    },
                    {
                      "k": "created_at",
                      "v": 1787758630.0
                    },
                    {
                      "k": "default_branch",
                      "v": "main"
                    },
                    {
                      "k": "deployments_url",
                      "v": "https://api.github.com/repos/Idoo10502/docker-project/deployments"
                    },
                    {
                      "k": "description",
                      "v": null
                    },
                    {
                      "k": "disabled",
                      "v": false
                    },
                    {
                      "k": "downloads_url",
                      "v": "https://api.github.com/repos/Idoo10502/docker-project/downloads"
                    },
                    {
                      "k": "events_url",
                      "v": "https://api.github.com/repos/Idoo10502/docker-project/events"
                    },
                    {
                      "k": "fork",
                      "v": false
                    },
                    {
                      "k": "forks",
                      "v": 0.0
                    },
                    {
                      "k": "forks_count",
                      "v": 0.0
                    },
                    {
                      "k": "forks_url",
                      "v": "https://api.github.com/repos/Idoo10502/docker-project/forks"
                    },
                    {
                      "k": "full_name",
                      "v": "Idoo10502/docker-project"
                    },
                    {
                      "k": "git_commits_url",
                      "v": "https://api.github.com/repos/Idoo10502/docker-project/git/commits{/sha}"
                    },
                    {
                      "k": "git_refs_url",
                      "v": "https://api.github.com/repos/Idoo10502/docker-project/git/refs{/sha}"
                    },
                    {
                      "k": "git_tags_url",
                      "v": "https://api.github.com/repos/Idoo10502/docker-project/git/tags{/sha}"
                    },
                    {
                      "k": "git_url",
                      "v": "git://github.com/Idoo10502/docker-project.git"
                    },
                    {
                      "k": "has_discussions",
                      "v": false
                    },
                    {
                      "k": "has_downloads",
                      "v": true
                    },
                    {
                      "k": "has_issues",
                      "v": true
                    },
                    {
                      "k": "has_pages",
                      "v": false
                    },
                    {
                      "k": "has_projects",
                      "v": true
                    },
                    {
                      "k": "has_pull_requests",
                      "v": true
                    },
                    {
                      "k": "has_wiki",
                      "v": true
                    },
                    {
                      "k": "homepage",
                      "v": null
                    },
                    {
                      "k": "hooks_url",
                      "v": "https://api.github.com/repos/Idoo10502/docker-project/hooks"
                    },
                    {
                      "k": "html_url",
                      "v": "https://github.com/Idoo10502/docker-project"
                    },
                    {
                      "k": "id",
                      "v": 1347507399.0
                    },
                    {
                      "k": "is_template",
                      "v": false
                    },
                    {
                      "k": "issue_comment_url",
                      "v": "https://api.github.com/repos/Idoo10502/docker-project/issues/comments{/number}"
                    },
                    {
                      "k": "issue_events_url",
                      "v": "https://api.github.com/repos/Idoo10502/docker-project/issues/events{/number}"
                    },
                    {
                      "k": "issues_url",
                      "v": "https://api.github.com/repos/Idoo10502/docker-project/issues{/number}"
                    },
                    {
                      "k": "keys_url",
                      "v": "https://api.github.com/repos/Idoo10502/docker-project/keys{/key_id}"
                    },
                    {
                      "k": "labels_url",
                      "v": "https://api.github.com/repos/Idoo10502/docker-project/labels{/name}"
                    },
                    {
                      "k": "language",
                      "v": "TypeScript"
                    },
                    {
                      "k": "languages_url",
                      "v": "https://api.github.com/repos/Idoo10502/docker-project/languages"
                    },
                    {
                      "k": "license",
                      "v": null
                    },
                    {
                      "k": "master_branch",
                      "v": "main"
                    },
                    {
                      "k": "merges_url",
                      "v": "https://api.github.com/repos/Idoo10502/docker-project/merges"
                    },
                    {
                      "k": "milestones_url",
                      "v": "https://api.github.com/repos/Idoo10502/docker-project/milestones{/number}"
                    },
                    {
                      "k": "mirror_url",
                      "v": null
                    },
                    {
                      "k": "name",
                      "v": "docker-project"
                    },
                    {
                      "k": "node_id",
                      "v": "R_kgDOUFFUxw"
                    },
                    {
                      "k": "notifications_url",
                      "v": "https://api.github.com/repos/Idoo10502/docker-project/notifications{?since,all,participating}"
                    },
                    {
                      "k": "open_issues",
                      "v": 0.0
                    },
                    {
                      "k": "open_issues_count",
                      "v": 0.0
                    },
                    {
                      "k": "owner",
                      "v": {
                        "t": 2,
                        "d": [
                          {
                            "k": "avatar_url",
                            "v": "https://avatars.githubusercontent.com/u/189523198?v=4"
                          },
                          {
                            "k": "email",
                            "v": "idoo10502@gmail.com"
                          },
                          {
                            "k": "events_url",
                            "v": "https://api.github.com/users/Idoo10502/events{/privacy}"
                          },
                          {
                            "k": "followers_url",
                            "v": "https://api.github.com/users/Idoo10502/followers"
                          },
                          {
                            "k": "following_url",
                            "v": "https://api.github.com/users/Idoo10502/following{/other_user}"
                          },
                          {
                            "k": "gists_url",
                            "v": "https://api.github.com/users/Idoo10502/gists{/gist_id}"
                          },
                          {
                            "k": "gravatar_id",
                            "v": ""
                          },
                          {
                            "k": "html_url",
                            "v": "https://github.com/Idoo10502"
                          },
                          {
                            "k": "id",
                            "v": 189523198.0
                          },
                          {
                            "k": "login",
                            "v": "Idoo10502"
                          },
                          {
                            "k": "name",
                            "v": "Idoo10502"
                          },
                          {
                            "k": "node_id",
                            "v": "U_kgDOC0vk_g"
                          },
                          {
                            "k": "organizations_url",
                            "v": "https://api.github.com/users/Idoo10502/orgs"
                          },
                          {
                            "k": "received_events_url",
                            "v": "https://api.github.com/users/Idoo10502/received_events"
                          },
                          {
                            "k": "repos_url",
                            "v": "https://api.github.com/users/Idoo10502/repos"
                          },
                          {
                            "k": "site_admin",
                            "v": false
                          },
                          {
                            "k": "starred_url",
                            "v": "https://api.github.com/users/Idoo10502/starred{/owner}{/repo}"
                          },
                          {
                            "k": "subscriptions_url",
                            "v": "https://api.github.com/users/Idoo10502/subscriptions"
                          },
                          {
                            "k": "type",
                            "v": "User"
                          },
                          {
                            "k": "url",
                            "v": "https://api.github.com/users/Idoo10502"
                          },
                          {
                            "k": "user_view_type",
                            "v": "public"
                          }
                        ]
                      }
                    },
                    {
                      "k": "private",
                      "v": false
                    },
                    {
                      "k": "pull_request_creation_policy",
                      "v": "all"
                    },
                    {
                      "k": "pulls_url",
                      "v": "https://api.github.com/repos/Idoo10502/docker-project/pulls{/number}"
                    },
                    {
                      "k": "pushed_at",
                      "v": 1787762486.0
                    },
                    {
                      "k": "releases_url",
                      "v": "https://api.github.com/repos/Idoo10502/docker-project/releases{/id}"
                    },
                    {
                      "k": "size",
                      "v": 0.0
                    },
                    {
                      "k": "ssh_url",
                      "v": "git@github.com:Idoo10502/docker-project.git"
                    },
                    {
                      "k": "stargazers",
                      "v": 0.0
                    },
                    {
                      "k": "stargazers_count",
                      "v": 0.0
                    },
                    {
                      "k": "stargazers_url",
                      "v": "https://api.github.com/repos/Idoo10502/docker-project/stargazers"
                    },
                    {
                      "k": "statuses_url",
                      "v": "https://api.github.com/repos/Idoo10502/docker-project/statuses/{sha}"
                    },
                    {
                      "k": "subscribers_url",
                      "v": "https://api.github.com/repos/Idoo10502/docker-project/subscribers"
                    },
                    {
                      "k": "subscription_url",
                      "v": "https://api.github.com/repos/Idoo10502/docker-project/subscription"
                    },
                    {
                      "k": "svn_url",
                      "v": "https://github.com/Idoo10502/docker-project"
                    },
                    {
                      "k": "tags_url",
                      "v": "https://api.github.com/repos/Idoo10502/docker-project/tags"
                    },
                    {
                      "k": "teams_url",
                      "v": "https://api.github.com/repos/Idoo10502/docker-project/teams"
                    },
                    {
                      "k": "topics",
                      "v": {
                        "t": 1
                      }
                    },
                    {
                      "k": "trees_url",
                      "v": "https://api.github.com/repos/Idoo10502/docker-project/git/trees{/sha}"
                    },
                    {
                      "k": "updated_at",
                      "v": "2026-08-26T16:35:42Z"
                    },
                    {
                      "k": "url",
                      "v": "https://api.github.com/repos/Idoo10502/docker-project"
                    },
                    {
                      "k": "visibility",
                      "v": "public"
                    },
                    {
                      "k": "watchers",
                      "v": 0.0
                    },
                    {
                      "k": "watchers_count",
                      "v": 0.0
                    },
                    {
                      "k": "web_commit_signoff_required",
                      "v": false
                    }
                  ]
                }
              },
              {
                "k": "sender",
                "v": {
                  "t": 2,
                  "d": [
                    {
                      "k": "avatar_url",
                      "v": "https://avatars.githubusercontent.com/u/189523198?v=4"
                    },
                    {
                      "k": "events_url",
                      "v": "https://api.github.com/users/Idoo10502/events{/privacy}"
                    },
                    {
                      "k": "followers_url",
                      "v": "https://api.github.com/users/Idoo10502/followers"
                    },
                    {
                      "k": "following_url",
                      "v": "https://api.github.com/users/Idoo10502/following{/other_user}"
                    },
                    {
                      "k": "gists_url",
                      "v": "https://api.github.com/users/Idoo10502/gists{/gist_id}"
                    },
                    {
                      "k": "gravatar_id",
                      "v": ""
                    },
                    {
                      "k": "html_url",
                      "v": "https://github.com/Idoo10502"
                    },
                    {
                      "k": "id",
                      "v": 189523198.0
                    },
                    {
                      "k": "login",
                      "v": "Idoo10502"
                    },
                    {
                      "k": "node_id",
                      "v": "U_kgDOC0vk_g"
                    },
                    {
                      "k": "organizations_url",
                      "v": "https://api.github.com/users/Idoo10502/orgs"
                    },
                    {
                      "k": "received_events_url",
                      "v": "https://api.github.com/users/Idoo10502/received_events"
                    },
                    {
                      "k": "repos_url",
                      "v": "https://api.github.com/users/Idoo10502/repos"
                    },
                    {
                      "k": "site_admin",
                      "v": false
                    },
                    {
                      "k": "starred_url",
                      "v": "https://api.github.com/users/Idoo10502/starred{/owner}{/repo}"
                    },
                    {
                      "k": "subscriptions_url",
                      "v": "https://api.github.com/users/Idoo10502/subscriptions"
                    },
                    {
                      "k": "type",
                      "v": "User"
                    },
                    {
                      "k": "url",
                      "v": "https://api.github.com/users/Idoo10502"
                    },
                    {
                      "k": "user_view_type",
                      "v": "public"
                    }
                  ]
                }
              }
            ]
          }
        },
        {
          "k": "workflow_ref",
          "v": "Idoo10502/docker-project/.github/workflows/ci-cd.yml@refs/heads/main"
        },
        {
          "k": "workflow_sha",
          "v": "939e11c494f3510d49809b5d5d66585d5f5eb528"
        },
        {
          "k": "repository_id",
          "v": "1347507399"
        },
        {
          "k": "triggering_actor",
          "v": "Idoo10502"
        }
      ]
    },
    "inputs": {
      "t": 2
    },
    "job": {
      "t": 2,
      "d": [
        {
          "k": "check_run_id",
          "v": 98247326669.0
        },
        {
          "k": "workflow_ref",
          "v": "Idoo10502/docker-project/.github/workflows/ci-cd.yml@refs/heads/main"
        },
        {
          "k": "workflow_sha",
          "v": "939e11c494f3510d49809b5d5d66585d5f5eb528"
        },
        {
          "k": "workflow_repository",
          "v": "Idoo10502/docker-project"
        },
        {
          "k": "workflow_file_path",
          "v": ".github/workflows/ci-cd.yml"
        }
      ]
    },
    "matrix": null,
    "needs": {
      "t": 2
    },
    "strategy": {
      "t": 2,
      "d": [
        {
          "k": "fail-fast",
          "v": true
        },
        {
          "k": "job-index",
          "v": 0.0
        },
        {
          "k": "job-total",
          "v": 1.0
        },
        {
          "k": "max-parallel",
          "v": 1.0
        }
      ]
    },
    "vars": {
      "t": 2
    }
  },
  "billingOwnerId": "U_kgDOC0vk_g"
}
[2026-08-26 16:50:32Z INFO JobRunner] Job ID 7d1e8951-82b5-571a-a7cd-b9a642030e81
[2026-08-26 16:50:32Z INFO ConfigurationStore] currentAssemblyLocation: C:\Users\idoo1\Desktop\project\docker\docker-projects\project3\actions-runner\bin\Runner.Worker.dll
[2026-08-26 16:50:32Z INFO HostContext] Well known directory 'Bin': 'C:\Users\idoo1\Desktop\project\docker\docker-projects\project3\actions-runner\bin'
[2026-08-26 16:50:32Z INFO ConfigurationStore] binPath: C:\Users\idoo1\Desktop\project\docker\docker-projects\project3\actions-runner\bin
[2026-08-26 16:50:32Z INFO HostContext] Well known directory 'Bin': 'C:\Users\idoo1\Desktop\project\docker\docker-projects\project3\actions-runner\bin'
[2026-08-26 16:50:32Z INFO HostContext] Well known directory 'Root': 'C:\Users\idoo1\Desktop\project\docker\docker-projects\project3\actions-runner'
[2026-08-26 16:50:32Z INFO ConfigurationStore] RootFolder: C:\Users\idoo1\Desktop\project\docker\docker-projects\project3\actions-runner
[2026-08-26 16:50:32Z INFO HostContext] Well known directory 'Bin': 'C:\Users\idoo1\Desktop\project\docker\docker-projects\project3\actions-runner\bin'
[2026-08-26 16:50:32Z INFO HostContext] Well known directory 'Root': 'C:\Users\idoo1\Desktop\project\docker\docker-projects\project3\actions-runner'
[2026-08-26 16:50:32Z INFO HostContext] Well known config file 'Runner': 'C:\Users\idoo1\Desktop\project\docker\docker-projects\project3\actions-runner\.runner'
[2026-08-26 16:50:32Z INFO ConfigurationStore] ConfigFilePath: C:\Users\idoo1\Desktop\project\docker\docker-projects\project3\actions-runner\.runner
[2026-08-26 16:50:32Z INFO HostContext] Well known directory 'Bin': 'C:\Users\idoo1\Desktop\project\docker\docker-projects\project3\actions-runner\bin'
[2026-08-26 16:50:32Z INFO HostContext] Well known directory 'Root': 'C:\Users\idoo1\Desktop\project\docker\docker-projects\project3\actions-runner'
[2026-08-26 16:50:32Z INFO HostContext] Well known config file 'MigratedRunner': 'C:\Users\idoo1\Desktop\project\docker\docker-projects\project3\actions-runner\.runner_migrated'
[2026-08-26 16:50:32Z INFO ConfigurationStore] MigratedConfigFilePath: C:\Users\idoo1\Desktop\project\docker\docker-projects\project3\actions-runner\.runner_migrated
[2026-08-26 16:50:32Z INFO HostContext] Well known directory 'Bin': 'C:\Users\idoo1\Desktop\project\docker\docker-projects\project3\actions-runner\bin'
[2026-08-26 16:50:32Z INFO HostContext] Well known directory 'Root': 'C:\Users\idoo1\Desktop\project\docker\docker-projects\project3\actions-runner'
[2026-08-26 16:50:32Z INFO HostContext] Well known config file 'Credentials': 'C:\Users\idoo1\Desktop\project\docker\docker-projects\project3\actions-runner\.credentials'
[2026-08-26 16:50:32Z INFO ConfigurationStore] CredFilePath: C:\Users\idoo1\Desktop\project\docker\docker-projects\project3\actions-runner\.credentials
[2026-08-26 16:50:32Z INFO HostContext] Well known directory 'Bin': 'C:\Users\idoo1\Desktop\project\docker\docker-projects\project3\actions-runner\bin'
[2026-08-26 16:50:32Z INFO HostContext] Well known directory 'Root': 'C:\Users\idoo1\Desktop\project\docker\docker-projects\project3\actions-runner'
[2026-08-26 16:50:32Z INFO HostContext] Well known config file 'MigratedCredentials': 'C:\Users\idoo1\Desktop\project\docker\docker-projects\project3\actions-runner\.credentials_migrated'
[2026-08-26 16:50:32Z INFO ConfigurationStore] MigratedCredFilePath: C:\Users\idoo1\Desktop\project\docker\docker-projects\project3\actions-runner\.credentials_migrated
[2026-08-26 16:50:32Z INFO HostContext] Well known directory 'Bin': 'C:\Users\idoo1\Desktop\project\docker\docker-projects\project3\actions-runner\bin'
[2026-08-26 16:50:32Z INFO HostContext] Well known directory 'Root': 'C:\Users\idoo1\Desktop\project\docker\docker-projects\project3\actions-runner'
[2026-08-26 16:50:32Z INFO HostContext] Well known config file 'Service': 'C:\Users\idoo1\Desktop\project\docker\docker-projects\project3\actions-runner\.service'
[2026-08-26 16:50:32Z INFO ConfigurationStore] ServiceConfigFilePath: C:\Users\idoo1\Desktop\project\docker\docker-projects\project3\actions-runner\.service
[2026-08-26 16:50:32Z INFO ConfigurationStore] Read setting file: 391 chars
[2026-08-26 16:50:32Z INFO JobRunner] Initializing launch client
[2026-08-26 16:50:32Z INFO JobServerQueue] Initializing results client
[2026-08-26 16:50:32Z INFO ResultServer] Creating websocket client ...wss://results-receiver.actions.githubusercontent.com/_ws/ingest.sock
[2026-08-26 16:50:32Z INFO ResultServer] Attempting to start websocket client with delay 00:00:00.
[2026-08-26 16:50:32Z INFO JobServerQueue] Start process web console line queue.
[2026-08-26 16:50:32Z INFO JobServerQueue] Start process file upload queue.
[2026-08-26 16:50:32Z INFO JobServerQueue] Start results file upload queue.
[2026-08-26 16:50:32Z INFO JobServerQueue] Starting results-based upload queue...
[2026-08-26 16:50:32Z INFO JobServerQueue] Start process timeline update queue.
[2026-08-26 16:50:32Z INFO ExecutionContext] Initializing Job context
[2026-08-26 16:50:32Z INFO ExecutionContext] Initialize GitHub context
[2026-08-26 16:50:32Z INFO ExecutionContext] Initialize Env context
[2026-08-26 16:50:32Z INFO HostContext] Well known directory 'Bin': 'C:\Users\idoo1\Desktop\project\docker\docker-projects\project3\actions-runner\bin'
[2026-08-26 16:50:32Z INFO HostContext] Well known directory 'Root': 'C:\Users\idoo1\Desktop\project\docker\docker-projects\project3\actions-runner'
[2026-08-26 16:50:32Z INFO HostContext] Well known directory 'Diag': 'C:\Users\idoo1\Desktop\project\docker\docker-projects\project3\actions-runner\_diag'
[2026-08-26 16:50:32Z INFO HostContext] Well known directory 'Bin': 'C:\Users\idoo1\Desktop\project\docker\docker-projects\project3\actions-runner\bin'
[2026-08-26 16:50:32Z INFO HostContext] Well known directory 'Root': 'C:\Users\idoo1\Desktop\project\docker\docker-projects\project3\actions-runner'
[2026-08-26 16:50:32Z INFO HostContext] Well known directory 'Diag': 'C:\Users\idoo1\Desktop\project\docker\docker-projects\project3\actions-runner\_diag'
[2026-08-26 16:50:32Z INFO JobRunner] Starting the job execution context.
[2026-08-26 16:50:32Z INFO HostContext] Well known directory 'Bin': 'C:\Users\idoo1\Desktop\project\docker\docker-projects\project3\actions-runner\bin'
[2026-08-26 16:50:32Z INFO HostContext] Well known directory 'Root': 'C:\Users\idoo1\Desktop\project\docker\docker-projects\project3\actions-runner'
[2026-08-26 16:50:32Z INFO HostContext] Well known directory 'Work': 'C:\Users\idoo1\Desktop\project\docker\docker-projects\project3\actions-runner\_work'
[2026-08-26 16:50:32Z INFO JobRunner] Validating directory permissions for: 'C:\Users\idoo1\Desktop\project\docker\docker-projects\project3\actions-runner\_work'
[2026-08-26 16:50:32Z INFO HostContext] Well known directory 'Bin': 'C:\Users\idoo1\Desktop\project\docker\docker-projects\project3\actions-runner\bin'
[2026-08-26 16:50:32Z INFO HostContext] Well known directory 'Root': 'C:\Users\idoo1\Desktop\project\docker\docker-projects\project3\actions-runner'
[2026-08-26 16:50:32Z INFO HostContext] Well known directory 'Work': 'C:\Users\idoo1\Desktop\project\docker\docker-projects\project3\actions-runner\_work'
[2026-08-26 16:50:32Z INFO HostContext] Well known directory 'Tools': 'C:\Users\idoo1\Desktop\project\docker\docker-projects\project3\actions-runner\_work\_tool'
[2026-08-26 16:50:32Z INFO HostContext] Well known directory 'Bin': 'C:\Users\idoo1\Desktop\project\docker\docker-projects\project3\actions-runner\bin'
[2026-08-26 16:50:32Z INFO HostContext] Well known directory 'Root': 'C:\Users\idoo1\Desktop\project\docker\docker-projects\project3\actions-runner'
[2026-08-26 16:50:32Z INFO HostContext] Well known directory 'Work': 'C:\Users\idoo1\Desktop\project\docker\docker-projects\project3\actions-runner\_work'
[2026-08-26 16:50:32Z INFO HostContext] Well known directory 'Temp': 'C:\Users\idoo1\Desktop\project\docker\docker-projects\project3\actions-runner\_work\_temp'
[2026-08-26 16:50:32Z INFO JobRunner] Getting job extension.
[2026-08-26 16:50:32Z INFO JobRunner] Initialize job. Getting all job steps.
[2026-08-26 16:50:32Z INFO HostContext] Well known directory 'Bin': 'C:\Users\idoo1\Desktop\project\docker\docker-projects\project3\actions-runner\bin'
[2026-08-26 16:50:32Z INFO HostContext] Well known directory 'Root': 'C:\Users\idoo1\Desktop\project\docker\docker-projects\project3\actions-runner'
[2026-08-26 16:50:32Z INFO HostContext] Well known directory 'Diag': 'C:\Users\idoo1\Desktop\project\docker\docker-projects\project3\actions-runner\_diag'
[2026-08-26 16:50:32Z INFO HostContext] Well known directory 'Bin': 'C:\Users\idoo1\Desktop\project\docker\docker-projects\project3\actions-runner\bin'
[2026-08-26 16:50:32Z INFO HostContext] Well known directory 'Root': 'C:\Users\idoo1\Desktop\project\docker\docker-projects\project3\actions-runner'
[2026-08-26 16:50:32Z INFO HostContext] Well known directory 'Diag': 'C:\Users\idoo1\Desktop\project\docker\docker-projects\project3\actions-runner\_diag'
[2026-08-26 16:50:32Z INFO HostContext] Well known directory 'Bin': 'C:\Users\idoo1\Desktop\project\docker\docker-projects\project3\actions-runner\bin'
[2026-08-26 16:50:32Z INFO HostContext] Well known directory 'Root': 'C:\Users\idoo1\Desktop\project\docker\docker-projects\project3\actions-runner'
[2026-08-26 16:50:32Z INFO HostContext] Well known config file 'Credentials': 'C:\Users\idoo1\Desktop\project\docker\docker-projects\project3\actions-runner\.credentials'
[2026-08-26 16:50:32Z INFO HostContext] Well known directory 'Bin': 'C:\Users\idoo1\Desktop\project\docker\docker-projects\project3\actions-runner\bin'
[2026-08-26 16:50:32Z INFO HostContext] Well known directory 'Root': 'C:\Users\idoo1\Desktop\project\docker\docker-projects\project3\actions-runner'
[2026-08-26 16:50:32Z INFO HostContext] Well known config file 'SetupInfo': 'C:\Users\idoo1\Desktop\project\docker\docker-projects\project3\actions-runner\.setup_info'
[2026-08-26 16:50:32Z INFO HostContext] Well known directory 'Bin': 'C:\Users\idoo1\Desktop\project\docker\docker-projects\project3\actions-runner\bin'
[2026-08-26 16:50:32Z INFO HostContext] Well known directory 'Root': 'C:\Users\idoo1\Desktop\project\docker\docker-projects\project3\actions-runner'
[2026-08-26 16:50:32Z INFO HostContext] Well known directory 'Work': 'C:\Users\idoo1\Desktop\project\docker\docker-projects\project3\actions-runner\_work'
[2026-08-26 16:50:32Z INFO PipelineDirectoryManager] Loading tracking config if exists: C:\Users\idoo1\Desktop\project\docker\docker-projects\project3\actions-runner\_work\_PipelineMapping\Idoo10502/docker-project\PipelineFolder.json
[2026-08-26 16:50:32Z INFO PipelineDirectoryManager] Updating job run properties.
[2026-08-26 16:50:32Z INFO HostContext] Well known directory 'Bin': 'C:\Users\idoo1\Desktop\project\docker\docker-projects\project3\actions-runner\bin'
[2026-08-26 16:50:32Z INFO HostContext] Well known directory 'Root': 'C:\Users\idoo1\Desktop\project\docker\docker-projects\project3\actions-runner'
[2026-08-26 16:50:32Z INFO HostContext] Well known directory 'Work': 'C:\Users\idoo1\Desktop\project\docker\docker-projects\project3\actions-runner\_work'
[2026-08-26 16:50:32Z INFO HostContext] Well known directory 'Bin': 'C:\Users\idoo1\Desktop\project\docker\docker-projects\project3\actions-runner\bin'
[2026-08-26 16:50:32Z INFO HostContext] Well known directory 'Root': 'C:\Users\idoo1\Desktop\project\docker\docker-projects\project3\actions-runner'
[2026-08-26 16:50:32Z INFO HostContext] Well known directory 'Work': 'C:\Users\idoo1\Desktop\project\docker\docker-projects\project3\actions-runner\_work'
[2026-08-26 16:50:32Z INFO HostContext] Well known directory 'Bin': 'C:\Users\idoo1\Desktop\project\docker\docker-projects\project3\actions-runner\bin'
[2026-08-26 16:50:32Z INFO HostContext] Well known directory 'Root': 'C:\Users\idoo1\Desktop\project\docker\docker-projects\project3\actions-runner'
[2026-08-26 16:50:32Z INFO HostContext] Well known directory 'Work': 'C:\Users\idoo1\Desktop\project\docker\docker-projects\project3\actions-runner\_work'
[2026-08-26 16:50:32Z INFO JobExtension] Downloading actions
[2026-08-26 16:50:32Z INFO HostContext] Well known directory 'Bin': 'C:\Users\idoo1\Desktop\project\docker\docker-projects\project3\actions-runner\bin'
[2026-08-26 16:50:32Z INFO HostContext] Well known directory 'Root': 'C:\Users\idoo1\Desktop\project\docker\docker-projects\project3\actions-runner'
[2026-08-26 16:50:32Z INFO HostContext] Well known directory 'Work': 'C:\Users\idoo1\Desktop\project\docker\docker-projects\project3\actions-runner\_work'
[2026-08-26 16:50:32Z INFO HostContext] Well known directory 'Actions': 'C:\Users\idoo1\Desktop\project\docker\docker-projects\project3\actions-runner\_work\_actions'
[2026-08-26 16:50:33Z INFO Worker] Listening for cancel message from the channel.
[2026-08-26 16:50:33Z INFO Worker] Waiting for the job to complete or for a cancel message from the channel.
[2026-08-26 16:50:33Z INFO ResultServer] Successfully started websocket client.
[2026-08-26 16:50:33Z INFO JobServerQueue] Try to append 1 batches web console lines for record '7423915c-7bca-4a3f-a105-dfad633afb99', success rate: 1/1.
[2026-08-26 16:50:33Z INFO HostContext] Well known directory 'Bin': 'C:\Users\idoo1\Desktop\project\docker\docker-projects\project3\actions-runner\bin'
[2026-08-26 16:50:33Z INFO HostContext] Well known directory 'Root': 'C:\Users\idoo1\Desktop\project\docker\docker-projects\project3\actions-runner'
[2026-08-26 16:50:33Z INFO HostContext] Well known directory 'Work': 'C:\Users\idoo1\Desktop\project\docker\docker-projects\project3\actions-runner\_work'
[2026-08-26 16:50:33Z INFO HostContext] Well known directory 'Actions': 'C:\Users\idoo1\Desktop\project\docker\docker-projects\project3\actions-runner\_work\_actions'
[2026-08-26 16:50:33Z INFO HostContext] Well known directory 'Bin': 'C:\Users\idoo1\Desktop\project\docker\docker-projects\project3\actions-runner\bin'
[2026-08-26 16:50:33Z INFO HostContext] Well known directory 'Root': 'C:\Users\idoo1\Desktop\project\docker\docker-projects\project3\actions-runner'
[2026-08-26 16:50:33Z INFO HostContext] Well known directory 'Work': 'C:\Users\idoo1\Desktop\project\docker\docker-projects\project3\actions-runner\_work'
[2026-08-26 16:50:33Z INFO HostContext] Well known directory 'Actions': 'C:\Users\idoo1\Desktop\project\docker\docker-projects\project3\actions-runner\_work\_actions'
[2026-08-26 16:50:33Z INFO ActionManager] Save archive 'https://codeload.github.com/actions/checkout/zip/11d5960a326750d5838078e36cf38b85af677262' into C:\Users\idoo1\Desktop\project\docker\docker-projects\project3\actions-runner\_work\_actions\_temp_9626eaec-0e0d-429b-b3d1-13eea7447078\ed9bfa8d-8805-42c2-bf84-37cc9885b021.zip.
[2026-08-26 16:50:33Z INFO ActionManager] Using Basic token for action archive download.
[2026-08-26 16:50:33Z INFO JobServerQueue] Try to append 1 batches web console lines for record '7423915c-7bca-4a3f-a105-dfad633afb99', success rate: 1/1.
[2026-08-26 16:50:33Z INFO JobServerQueue] Job timeline record has been updated for the first time.
[2026-08-26 16:50:34Z INFO ActionManager] Request URL: https://codeload.github.com/actions/checkout/zip/11d5960a326750d5838078e36cf38b85af677262 X-GitHub-Request-Id: CAF9:12E41:4475:CAD07:6A8F1959 Http Status: OK
[2026-08-26 16:50:34Z INFO ActionManager] Finished getting action repository.
[2026-08-26 16:50:34Z INFO HostContext] Well known directory 'Bin': 'C:\Users\idoo1\Desktop\project\docker\docker-projects\project3\actions-runner\bin'
[2026-08-26 16:50:34Z INFO HostContext] Well known directory 'Root': 'C:\Users\idoo1\Desktop\project\docker\docker-projects\project3\actions-runner'
[2026-08-26 16:50:34Z INFO HostContext] Well known directory 'Work': 'C:\Users\idoo1\Desktop\project\docker\docker-projects\project3\actions-runner\_work'
[2026-08-26 16:50:34Z INFO HostContext] Well known directory 'Actions': 'C:\Users\idoo1\Desktop\project\docker\docker-projects\project3\actions-runner\_work\_actions'
[2026-08-26 16:50:34Z INFO HostContext] Well known directory 'Bin': 'C:\Users\idoo1\Desktop\project\docker\docker-projects\project3\actions-runner\bin'
[2026-08-26 16:50:34Z INFO HostContext] Well known directory 'Root': 'C:\Users\idoo1\Desktop\project\docker\docker-projects\project3\actions-runner'
[2026-08-26 16:50:34Z INFO HostContext] Well known directory 'Work': 'C:\Users\idoo1\Desktop\project\docker\docker-projects\project3\actions-runner\_work'
[2026-08-26 16:50:34Z INFO HostContext] Well known directory 'Actions': 'C:\Users\idoo1\Desktop\project\docker\docker-projects\project3\actions-runner\_work\_actions'
[2026-08-26 16:50:34Z INFO ActionManager] Save archive 'https://codeload.github.com/actions/upload-artifact/zip/ea165f8d65b6e75b540449e92b4886f43607fa02' into C:\Users\idoo1\Desktop\project\docker\docker-projects\project3\actions-runner\_work\_actions\_temp_d13217dd-aae3-4deb-bb69-4c4074d5b022\35b8b593-382b-4ec5-8233-9a8bfcecf612.zip.
[2026-08-26 16:50:34Z INFO ActionManager] Using Basic token for action archive download.
[2026-08-26 16:50:34Z INFO JobServerQueue] Try to append 1 batches web console lines for record '7423915c-7bca-4a3f-a105-dfad633afb99', success rate: 1/1.
[2026-08-26 16:50:34Z INFO ActionManager] Request URL: https://codeload.github.com/actions/upload-artifact/zip/ea165f8d65b6e75b540449e92b4886f43607fa02 X-GitHub-Request-Id: CAFF:1D084B:44CB:CB411:6A8F195A Http Status: OK
[2026-08-26 16:50:35Z INFO ActionManager] Finished getting action repository.
[2026-08-26 16:50:35Z INFO HostContext] Well known directory 'Bin': 'C:\Users\idoo1\Desktop\project\docker\docker-projects\project3\actions-runner\bin'
[2026-08-26 16:50:35Z INFO HostContext] Well known directory 'Root': 'C:\Users\idoo1\Desktop\project\docker\docker-projects\project3\actions-runner'
[2026-08-26 16:50:35Z INFO HostContext] Well known directory 'Work': 'C:\Users\idoo1\Desktop\project\docker\docker-projects\project3\actions-runner\_work'
[2026-08-26 16:50:35Z INFO HostContext] Well known directory 'Actions': 'C:\Users\idoo1\Desktop\project\docker\docker-projects\project3\actions-runner\_work\_actions'
[2026-08-26 16:50:35Z INFO ActionManifestManagerLegacy] Load schema file with definitions: [
  "null",
  "boolean",
  "number",
  "string",
  "sequence",
  "mapping",
  "any",
  "action-root",
  "inputs",
  "input",
  "outputs",
  "output-definition",
  "runs",
  "container-runs",
  "container-runs-args",
  "container-runs-env",
  "node-runs",
  "plugin-runs",
  "composite-runs",
  "composite-steps",
  "composite-step",
  "run-step",
  "uses-step",
  "container-runs-context",
  "output-value",
  "input-default-context",
  "non-empty-string",
  "string-steps-context",
  "boolean-steps-context",
  "step-env",
  "step-if",
  "step-with"
]
[2026-08-26 16:50:35Z INFO ActionManifestManager] Load schema file with definitions: [
  "null",
  "boolean",
  "number",
  "string",
  "sequence",
  "mapping",
  "any",
  "action-root",
  "inputs",
  "input",
  "outputs",
  "output-definition",
  "runs",
  "container-runs",
  "container-runs-args",
  "container-runs-env",
  "node-runs",
  "plugin-runs",
  "composite-runs",
  "composite-steps",
  "composite-step",
  "run-step",
  "uses-step",
  "container-runs-context",
  "output-value",
  "input-default-context",
  "non-empty-string",
  "string-steps-context",
  "boolean-steps-context",
  "step-env",
  "step-if",
  "step-with"
]
[2026-08-26 16:50:35Z INFO HostContext] Well known directory 'Bin': 'C:\Users\idoo1\Desktop\project\docker\docker-projects\project3\actions-runner\bin'
[2026-08-26 16:50:35Z INFO HostContext] Well known directory 'Root': 'C:\Users\idoo1\Desktop\project\docker\docker-projects\project3\actions-runner'
[2026-08-26 16:50:35Z INFO HostContext] Well known directory 'Work': 'C:\Users\idoo1\Desktop\project\docker\docker-projects\project3\actions-runner\_work'
[2026-08-26 16:50:35Z INFO HostContext] Well known directory 'Actions': 'C:\Users\idoo1\Desktop\project\docker\docker-projects\project3\actions-runner\_work\_actions'
[2026-08-26 16:50:35Z INFO ActionManifestManagerLegacy] Loaded action.yml file: {
  "name": "Checkout",
  "description": "Checkout a Git repository at a particular version",
  "inputs": {
    "type": 2,
    "map": [
      {
        "key": {
          "type": 0,
          "file": 2,
          "line": 4,
          "col": 3,
          "lit": "repository"
        },
        "value": {
          "type": 3,
          "file": 2,
          "line": 6,
          "col": 14,
          "expr": "github.repository"
        }
      },
      {
        "key": {
          "type": 0,
          "file": 2,
          "line": 7,
          "col": 3,
          "lit": "ref"
        },
        "value": ""
      },
      {
        "key": {
          "type": 0,
          "file": 2,
          "line": 12,
          "col": 3,
          "lit": "token"
        },
        "value": {
          "type": 3,
          "file": 2,
          "line": 24,
          "col": 14,
          "expr": "github.token"
        }
      },
      {
        "key": {
          "type": 0,
          "file": 2,
          "line": 25,
          "col": 3,
          "lit": "ssh-key"
        },
        "value": ""
      },
      {
        "key": {
          "type": 0,
          "file": 2,
          "line": 37,
          "col": 3,
          "lit": "ssh-known-hosts"
        },
        "value": ""
      },
      {
        "key": {
          "type": 0,
          "file": 2,
          "line": 42,
          "col": 3,
          "lit": "ssh-strict"
        },
        "value": {
          "type": 0,
          "file": 2,
          "line": 47,
          "col": 14,
          "lit": "true"
        }
      },
      {
        "key": {
          "type": 0,
          "file": 2,
          "line": 48,
          "col": 3,
          "lit": "ssh-user"
        },
        "value": {
          "type": 0,
          "file": 2,
          "line": 51,
          "col": 14,
          "lit": "git"
        }
      },
      {
        "key": {
          "type": 0,
          "file": 2,
          "line": 52,
          "col": 3,
          "lit": "persist-credentials"
        },
        "value": {
          "type": 0,
          "file": 2,
          "line": 54,
          "col": 14,
          "lit": "true"
        }
      },
      {
        "key": {
          "type": 0,
          "file": 2,
          "line": 55,
          "col": 3,
          "lit": "path"
        },
        "value": ""
      },
      {
        "key": {
          "type": 0,
          "file": 2,
          "line": 57,
          "col": 3,
          "lit": "clean"
        },
        "value": {
          "type": 0,
          "file": 2,
          "line": 59,
          "col": 14,
          "lit": "true"
        }
      },
      {
        "key": {
          "type": 0,
          "file": 2,
          "line": 60,
          "col": 3,
          "lit": "filter"
        },
        "value": {
          "type": 0,
          "file": 2,
          "line": 64,
          "col": 14,
          "lit": ""
        }
      },
      {
        "key": {
          "type": 0,
          "file": 2,
          "line": 65,
          "col": 3,
          "lit": "sparse-checkout"
        },
        "value": {
          "type": 0,
          "file": 2,
          "line": 69,
          "col": 14,
          "lit": ""
        }
      },
      {
        "key": {
          "type": 0,
          "file": 2,
          "line": 70,
          "col": 3,
          "lit": "sparse-checkout-cone-mode"
        },
        "value": {
          "type": 0,
          "file": 2,
          "line": 73,
          "col": 14,
          "lit": "true"
        }
      },
      {
        "key": {
          "type": 0,
          "file": 2,
          "line": 74,
          "col": 3,
          "lit": "fetch-depth"
        },
        "value": {
          "type": 0,
          "file": 2,
          "line": 76,
          "col": 14,
          "lit": "1"
        }
      },
      {
        "key": {
          "type": 0,
          "file": 2,
          "line": 77,
          "col": 3,
          "lit": "fetch-tags"
        },
        "value": {
          "type": 0,
          "file": 2,
          "line": 79,
          "col": 14,
          "lit": "false"
        }
      },
      {
        "key": {
          "type": 0,
          "file": 2,
          "line": 80,
          "col": 3,
          "lit": "show-progress"
        },
        "value": {
          "type": 0,
          "file": 2,
          "line": 82,
          "col": 14,
          "lit": "true"
        }
      },
      {
        "key": {
          "type": 0,
          "file": 2,
          "line": 83,
          "col": 3,
          "lit": "lfs"
        },
        "value": {
          "type": 0,
          "file": 2,
          "line": 85,
          "col": 14,
          "lit": "false"
        }
      },
      {
        "key": {
          "type": 0,
          "file": 2,
          "line": 86,
          "col": 3,
          "lit": "submodules"
        },
        "value": {
          "type": 0,
          "file": 2,
          "line": 94,
          "col": 14,
          "lit": "false"
        }
      },
      {
        "key": {
          "type": 0,
          "file": 2,
          "line": 95,
          "col": 3,
          "lit": "set-safe-directory"
        },
        "value": {
          "type": 0,
          "file": 2,
          "line": 97,
          "col": 14,
          "lit": "true"
        }
      },
      {
        "key": {
          "type": 0,
          "file": 2,
          "line": 98,
          "col": 3,
          "lit": "github-server-url"
        },
        "value": ""
      },
      {
        "key": {
          "type": 0,
          "file": 2,
          "line": 101,
          "col": 3,
          "lit": "allow-unsafe-pr-checkout"
        },
        "value": {
          "type": 0,
          "file": 2,
          "line": 109,
          "col": 14,
          "lit": "false"
        }
      }
    ]
  },
  "execution": {
    "executionType": "nodeJS",
    "hasPre": false,
    "hasPost": true,
    "script": "dist/index.js",
    "pre": null,
    "post": "dist/index.js",
    "nodeVersion": "node20",
    "cleanupCondition": "always()",
    "initCondition": "always()"
  },
  "deprecated": null
}
[2026-08-26 16:50:35Z INFO ActionManager] Action node.js file: dist/index.js, no more preparation.
[2026-08-26 16:50:35Z INFO HostContext] Well known directory 'Bin': 'C:\Users\idoo1\Desktop\project\docker\docker-projects\project3\actions-runner\bin'
[2026-08-26 16:50:35Z INFO HostContext] Well known directory 'Root': 'C:\Users\idoo1\Desktop\project\docker\docker-projects\project3\actions-runner'
[2026-08-26 16:50:35Z INFO HostContext] Well known directory 'Work': 'C:\Users\idoo1\Desktop\project\docker\docker-projects\project3\actions-runner\_work'
[2026-08-26 16:50:35Z INFO HostContext] Well known directory 'Actions': 'C:\Users\idoo1\Desktop\project\docker\docker-projects\project3\actions-runner\_work\_actions'
[2026-08-26 16:50:35Z INFO ActionManager] Load action that reference repository from 'C:\Users\idoo1\Desktop\project\docker\docker-projects\project3\actions-runner\_work\_actions\actions\checkout\v4'
[2026-08-26 16:50:35Z INFO HostContext] Well known directory 'Bin': 'C:\Users\idoo1\Desktop\project\docker\docker-projects\project3\actions-runner\bin'
[2026-08-26 16:50:35Z INFO HostContext] Well known directory 'Root': 'C:\Users\idoo1\Desktop\project\docker\docker-projects\project3\actions-runner'
[2026-08-26 16:50:35Z INFO HostContext] Well known directory 'Work': 'C:\Users\idoo1\Desktop\project\docker\docker-projects\project3\actions-runner\_work'
[2026-08-26 16:50:35Z INFO HostContext] Well known directory 'Actions': 'C:\Users\idoo1\Desktop\project\docker\docker-projects\project3\actions-runner\_work\_actions'
[2026-08-26 16:50:35Z INFO ActionManifestManagerLegacy] Loaded action.yml file: {
  "name": "Checkout",
  "description": "Checkout a Git repository at a particular version",
  "inputs": {
    "type": 2,
    "map": [
      {
        "key": {
          "type": 0,
          "file": 2,
          "line": 4,
          "col": 3,
          "lit": "repository"
        },
        "value": {
          "type": 3,
          "file": 2,
          "line": 6,
          "col": 14,
          "expr": "github.repository"
        }
      },
      {
        "key": {
          "type": 0,
          "file": 2,
          "line": 7,
          "col": 3,
          "lit": "ref"
        },
        "value": ""
      },
      {
        "key": {
          "type": 0,
          "file": 2,
          "line": 12,
          "col": 3,
          "lit": "token"
        },
        "value": {
          "type": 3,
          "file": 2,
          "line": 24,
          "col": 14,
          "expr": "github.token"
        }
      },
      {
        "key": {
          "type": 0,
          "file": 2,
          "line": 25,
          "col": 3,
          "lit": "ssh-key"
        },
        "value": ""
      },
      {
        "key": {
          "type": 0,
          "file": 2,
          "line": 37,
          "col": 3,
          "lit": "ssh-known-hosts"
        },
        "value": ""
      },
      {
        "key": {
          "type": 0,
          "file": 2,
          "line": 42,
          "col": 3,
          "lit": "ssh-strict"
        },
        "value": {
          "type": 0,
          "file": 2,
          "line": 47,
          "col": 14,
          "lit": "true"
        }
      },
      {
        "key": {
          "type": 0,
          "file": 2,
          "line": 48,
          "col": 3,
          "lit": "ssh-user"
        },
        "value": {
          "type": 0,
          "file": 2,
          "line": 51,
          "col": 14,
          "lit": "git"
        }
      },
      {
        "key": {
          "type": 0,
          "file": 2,
          "line": 52,
          "col": 3,
          "lit": "persist-credentials"
        },
        "value": {
          "type": 0,
          "file": 2,
          "line": 54,
          "col": 14,
          "lit": "true"
        }
      },
      {
        "key": {
          "type": 0,
          "file": 2,
          "line": 55,
          "col": 3,
          "lit": "path"
        },
        "value": ""
      },
      {
        "key": {
          "type": 0,
          "file": 2,
          "line": 57,
          "col": 3,
          "lit": "clean"
        },
        "value": {
          "type": 0,
          "file": 2,
          "line": 59,
          "col": 14,
          "lit": "true"
        }
      },
      {
        "key": {
          "type": 0,
          "file": 2,
          "line": 60,
          "col": 3,
          "lit": "filter"
        },
        "value": {
          "type": 0,
          "file": 2,
          "line": 64,
          "col": 14,
          "lit": ""
        }
      },
      {
        "key": {
          "type": 0,
          "file": 2,
          "line": 65,
          "col": 3,
          "lit": "sparse-checkout"
        },
        "value": {
          "type": 0,
          "file": 2,
          "line": 69,
          "col": 14,
          "lit": ""
        }
      },
      {
        "key": {
          "type": 0,
          "file": 2,
          "line": 70,
          "col": 3,
          "lit": "sparse-checkout-cone-mode"
        },
        "value": {
          "type": 0,
          "file": 2,
          "line": 73,
          "col": 14,
          "lit": "true"
        }
      },
      {
        "key": {
          "type": 0,
          "file": 2,
          "line": 74,
          "col": 3,
          "lit": "fetch-depth"
        },
        "value": {
          "type": 0,
          "file": 2,
          "line": 76,
          "col": 14,
          "lit": "1"
        }
      },
      {
        "key": {
          "type": 0,
          "file": 2,
          "line": 77,
          "col": 3,
          "lit": "fetch-tags"
        },
        "value": {
          "type": 0,
          "file": 2,
          "line": 79,
          "col": 14,
          "lit": "false"
        }
      },
      {
        "key": {
          "type": 0,
          "file": 2,
          "line": 80,
          "col": 3,
          "lit": "show-progress"
        },
        "value": {
          "type": 0,
          "file": 2,
          "line": 82,
          "col": 14,
          "lit": "true"
        }
      },
      {
        "key": {
          "type": 0,
          "file": 2,
          "line": 83,
          "col": 3,
          "lit": "lfs"
        },
        "value": {
          "type": 0,
          "file": 2,
          "line": 85,
          "col": 14,
          "lit": "false"
        }
      },
      {
        "key": {
          "type": 0,
          "file": 2,
          "line": 86,
          "col": 3,
          "lit": "submodules"
        },
        "value": {
          "type": 0,
          "file": 2,
          "line": 94,
          "col": 14,
          "lit": "false"
        }
      },
      {
        "key": {
          "type": 0,
          "file": 2,
          "line": 95,
          "col": 3,
          "lit": "set-safe-directory"
        },
        "value": {
          "type": 0,
          "file": 2,
          "line": 97,
          "col": 14,
          "lit": "true"
        }
      },
      {
        "key": {
          "type": 0,
          "file": 2,
          "line": 98,
          "col": 3,
          "lit": "github-server-url"
        },
        "value": ""
      },
      {
        "key": {
          "type": 0,
          "file": 2,
          "line": 101,
          "col": 3,
          "lit": "allow-unsafe-pr-checkout"
        },
        "value": {
          "type": 0,
          "file": 2,
          "line": 109,
          "col": 14,
          "lit": "false"
        }
      }
    ]
  },
  "execution": {
    "executionType": "nodeJS",
    "hasPre": false,
    "hasPost": true,
    "script": "dist/index.js",
    "pre": null,
    "post": "dist/index.js",
    "nodeVersion": "node20",
    "cleanupCondition": "always()",
    "initCondition": "always()"
  },
  "deprecated": null
}
[2026-08-26 16:50:35Z INFO ActionManager] Action pre node.js file: N/A.
[2026-08-26 16:50:35Z INFO ActionManager] Action node.js file: dist/index.js.
[2026-08-26 16:50:35Z INFO ActionManager] Action post node.js file: dist/index.js.
[2026-08-26 16:50:35Z INFO HostContext] Well known directory 'Bin': 'C:\Users\idoo1\Desktop\project\docker\docker-projects\project3\actions-runner\bin'
[2026-08-26 16:50:35Z INFO HostContext] Well known directory 'Root': 'C:\Users\idoo1\Desktop\project\docker\docker-projects\project3\actions-runner'
[2026-08-26 16:50:35Z INFO HostContext] Well known directory 'Work': 'C:\Users\idoo1\Desktop\project\docker\docker-projects\project3\actions-runner\_work'
[2026-08-26 16:50:35Z INFO HostContext] Well known directory 'Actions': 'C:\Users\idoo1\Desktop\project\docker\docker-projects\project3\actions-runner\_work\_actions'
[2026-08-26 16:50:35Z INFO HostContext] Well known directory 'Bin': 'C:\Users\idoo1\Desktop\project\docker\docker-projects\project3\actions-runner\bin'
[2026-08-26 16:50:35Z INFO HostContext] Well known directory 'Root': 'C:\Users\idoo1\Desktop\project\docker\docker-projects\project3\actions-runner'
[2026-08-26 16:50:35Z INFO HostContext] Well known directory 'Work': 'C:\Users\idoo1\Desktop\project\docker\docker-projects\project3\actions-runner\_work'
[2026-08-26 16:50:35Z INFO HostContext] Well known directory 'Actions': 'C:\Users\idoo1\Desktop\project\docker\docker-projects\project3\actions-runner\_work\_actions'
[2026-08-26 16:50:35Z INFO ActionManifestManagerLegacy] Ignore action property author.
[2026-08-26 16:50:35Z INFO ActionManifestManagerLegacy] Loaded action.yml file: {
  "name": "Upload a Build Artifact",
  "description": "Upload a build artifact that can be used by subsequent workflow steps",
  "inputs": {
    "type": 2,
    "map": [
      {
        "key": {
          "type": 0,
          "file": 3,
          "line": 5,
          "col": 3,
          "lit": "name"
        },
        "value": {
          "type": 0,
          "file": 3,
          "line": 7,
          "col": 14,
          "lit": "artifact"
        }
      },
      {
        "key": {
          "type": 0,
          "file": 3,
          "line": 8,
          "col": 3,
          "lit": "path"
        },
        "value": ""
      },
      {
        "key": {
          "type": 0,
          "file": 3,
          "line": 11,
          "col": 3,
          "lit": "if-no-files-found"
        },
        "value": {
          "type": 0,
          "file": 3,
          "line": 19,
          "col": 14,
          "lit": "warn"
        }
      },
      {
        "key": {
          "type": 0,
          "file": 3,
          "line": 20,
          "col": 3,
          "lit": "retention-days"
        },
        "value": ""
      },
      {
        "key": {
          "type": 0,
          "file": 3,
          "line": 26,
          "col": 3,
          "lit": "compression-level"
        },
        "value": {
          "type": 0,
          "file": 3,
          "line": 36,
          "col": 14,
          "lit": "6"
        }
      },
      {
        "key": {
          "type": 0,
          "file": 3,
          "line": 37,
          "col": 3,
          "lit": "overwrite"
        },
        "value": {
          "type": 0,
          "file": 3,
          "line": 42,
          "col": 14,
          "lit": "false"
        }
      },
      {
        "key": {
          "type": 0,
          "file": 3,
          "line": 43,
          "col": 3,
          "lit": "include-hidden-files"
        },
        "value": {
          "type": 0,
          "file": 3,
          "line": 47,
          "col": 14,
          "lit": "false"
        }
      }
    ]
  },
  "execution": {
    "executionType": "nodeJS",
    "hasPre": false,
    "hasPost": false,
    "script": "dist/upload/index.js",
    "pre": null,
    "post": null,
    "nodeVersion": "node20",
    "cleanupCondition": "always()",
    "initCondition": "always()"
  },
  "deprecated": null
}
[2026-08-26 16:50:35Z INFO ActionManager] Action node.js file: dist/upload/index.js, no more preparation.
[2026-08-26 16:50:35Z INFO HostContext] Well known directory 'Bin': 'C:\Users\idoo1\Desktop\project\docker\docker-projects\project3\actions-runner\bin'
[2026-08-26 16:50:35Z INFO HostContext] Well known directory 'Root': 'C:\Users\idoo1\Desktop\project\docker\docker-projects\project3\actions-runner'
[2026-08-26 16:50:35Z INFO HostContext] Well known directory 'Work': 'C:\Users\idoo1\Desktop\project\docker\docker-projects\project3\actions-runner\_work'
[2026-08-26 16:50:35Z INFO HostContext] Well known directory 'Actions': 'C:\Users\idoo1\Desktop\project\docker\docker-projects\project3\actions-runner\_work\_actions'
[2026-08-26 16:50:35Z INFO ActionManager] Load action that reference repository from 'C:\Users\idoo1\Desktop\project\docker\docker-projects\project3\actions-runner\_work\_actions\actions\upload-artifact\v4'
[2026-08-26 16:50:35Z INFO HostContext] Well known directory 'Bin': 'C:\Users\idoo1\Desktop\project\docker\docker-projects\project3\actions-runner\bin'
[2026-08-26 16:50:35Z INFO HostContext] Well known directory 'Root': 'C:\Users\idoo1\Desktop\project\docker\docker-projects\project3\actions-runner'
[2026-08-26 16:50:35Z INFO HostContext] Well known directory 'Work': 'C:\Users\idoo1\Desktop\project\docker\docker-projects\project3\actions-runner\_work'
[2026-08-26 16:50:35Z INFO HostContext] Well known directory 'Actions': 'C:\Users\idoo1\Desktop\project\docker\docker-projects\project3\actions-runner\_work\_actions'
[2026-08-26 16:50:35Z INFO ActionManifestManagerLegacy] Ignore action property author.
[2026-08-26 16:50:35Z INFO ActionManifestManagerLegacy] Loaded action.yml file: {
  "name": "Upload a Build Artifact",
  "description": "Upload a build artifact that can be used by subsequent workflow steps",
  "inputs": {
    "type": 2,
    "map": [
      {
        "key": {
          "type": 0,
          "file": 3,
          "line": 5,
          "col": 3,
          "lit": "name"
        },
        "value": {
          "type": 0,
          "file": 3,
          "line": 7,
          "col": 14,
          "lit": "artifact"
        }
      },
      {
        "key": {
          "type": 0,
          "file": 3,
          "line": 8,
          "col": 3,
          "lit": "path"
        },
        "value": ""
      },
      {
        "key": {
          "type": 0,
          "file": 3,
          "line": 11,
          "col": 3,
          "lit": "if-no-files-found"
        },
        "value": {
          "type": 0,
          "file": 3,
          "line": 19,
          "col": 14,
          "lit": "warn"
        }
      },
      {
        "key": {
          "type": 0,
          "file": 3,
          "line": 20,
          "col": 3,
          "lit": "retention-days"
        },
        "value": ""
      },
      {
        "key": {
          "type": 0,
          "file": 3,
          "line": 26,
          "col": 3,
          "lit": "compression-level"
        },
        "value": {
          "type": 0,
          "file": 3,
          "line": 36,
          "col": 14,
          "lit": "6"
        }
      },
      {
        "key": {
          "type": 0,
          "file": 3,
          "line": 37,
          "col": 3,
          "lit": "overwrite"
        },
        "value": {
          "type": 0,
          "file": 3,
          "line": 42,
          "col": 14,
          "lit": "false"
        }
      },
      {
        "key": {
          "type": 0,
          "file": 3,
          "line": 43,
          "col": 3,
          "lit": "include-hidden-files"
        },
        "value": {
          "type": 0,
          "file": 3,
          "line": 47,
          "col": 14,
          "lit": "false"
        }
      }
    ]
  },
  "execution": {
    "executionType": "nodeJS",
    "hasPre": false,
    "hasPost": false,
    "script": "dist/upload/index.js",
    "pre": null,
    "post": null,
    "nodeVersion": "node20",
    "cleanupCondition": "always()",
    "initCondition": "always()"
  },
  "deprecated": null
}
[2026-08-26 16:50:35Z INFO ActionManager] Action pre node.js file: N/A.
[2026-08-26 16:50:35Z INFO ActionManager] Action node.js file: dist/upload/index.js.
[2026-08-26 16:50:35Z INFO ActionManager] Action post node.js file: N/A.
[2026-08-26 16:50:35Z INFO JobExtension] Adding .
[2026-08-26 16:50:35Z INFO JobExtension] Adding .
[2026-08-26 16:50:35Z INFO JobExtension] Adding .
[2026-08-26 16:50:35Z INFO JobExtension] Adding .
[2026-08-26 16:50:35Z INFO HostContext] Well known directory 'Bin': 'C:\Users\idoo1\Desktop\project\docker\docker-projects\project3\actions-runner\bin'
[2026-08-26 16:50:35Z INFO HostContext] Well known directory 'Root': 'C:\Users\idoo1\Desktop\project\docker\docker-projects\project3\actions-runner'
[2026-08-26 16:50:35Z INFO HostContext] Well known directory 'Diag': 'C:\Users\idoo1\Desktop\project\docker\docker-projects\project3\actions-runner\_diag'
[2026-08-26 16:50:35Z INFO HostContext] Well known directory 'Bin': 'C:\Users\idoo1\Desktop\project\docker\docker-projects\project3\actions-runner\bin'
[2026-08-26 16:50:35Z INFO HostContext] Well known directory 'Root': 'C:\Users\idoo1\Desktop\project\docker\docker-projects\project3\actions-runner'
[2026-08-26 16:50:35Z INFO HostContext] Well known directory 'Diag': 'C:\Users\idoo1\Desktop\project\docker\docker-projects\project3\actions-runner\_diag'
[2026-08-26 16:50:35Z INFO HostContext] Well known directory 'Bin': 'C:\Users\idoo1\Desktop\project\docker\docker-projects\project3\actions-runner\bin'
[2026-08-26 16:50:35Z INFO HostContext] Well known directory 'Root': 'C:\Users\idoo1\Desktop\project\docker\docker-projects\project3\actions-runner'
[2026-08-26 16:50:35Z INFO HostContext] Well known directory 'Diag': 'C:\Users\idoo1\Desktop\project\docker\docker-projects\project3\actions-runner\_diag'
[2026-08-26 16:50:35Z INFO HostContext] Well known directory 'Bin': 'C:\Users\idoo1\Desktop\project\docker\docker-projects\project3\actions-runner\bin'
[2026-08-26 16:50:35Z INFO HostContext] Well known directory 'Root': 'C:\Users\idoo1\Desktop\project\docker\docker-projects\project3\actions-runner'
[2026-08-26 16:50:35Z INFO HostContext] Well known directory 'Diag': 'C:\Users\idoo1\Desktop\project\docker\docker-projects\project3\actions-runner\_diag'
[2026-08-26 16:50:35Z INFO HostContext] Well known directory 'Bin': 'C:\Users\idoo1\Desktop\project\docker\docker-projects\project3\actions-runner\bin'
[2026-08-26 16:50:35Z INFO HostContext] Well known directory 'Root': 'C:\Users\idoo1\Desktop\project\docker\docker-projects\project3\actions-runner'
[2026-08-26 16:50:35Z INFO HostContext] Well known directory 'Diag': 'C:\Users\idoo1\Desktop\project\docker\docker-projects\project3\actions-runner\_diag'
[2026-08-26 16:50:35Z INFO HostContext] Well known directory 'Bin': 'C:\Users\idoo1\Desktop\project\docker\docker-projects\project3\actions-runner\bin'
[2026-08-26 16:50:35Z INFO HostContext] Well known directory 'Root': 'C:\Users\idoo1\Desktop\project\docker\docker-projects\project3\actions-runner'
[2026-08-26 16:50:35Z INFO HostContext] Well known directory 'Diag': 'C:\Users\idoo1\Desktop\project\docker\docker-projects\project3\actions-runner\_diag'
[2026-08-26 16:50:35Z INFO HostContext] Well known directory 'Bin': 'C:\Users\idoo1\Desktop\project\docker\docker-projects\project3\actions-runner\bin'
[2026-08-26 16:50:35Z INFO HostContext] Well known directory 'Root': 'C:\Users\idoo1\Desktop\project\docker\docker-projects\project3\actions-runner'
[2026-08-26 16:50:35Z INFO HostContext] Well known directory 'Diag': 'C:\Users\idoo1\Desktop\project\docker\docker-projects\project3\actions-runner\_diag'
[2026-08-26 16:50:35Z INFO HostContext] Well known directory 'Bin': 'C:\Users\idoo1\Desktop\project\docker\docker-projects\project3\actions-runner\bin'
[2026-08-26 16:50:35Z INFO HostContext] Well known directory 'Root': 'C:\Users\idoo1\Desktop\project\docker\docker-projects\project3\actions-runner'
[2026-08-26 16:50:35Z INFO HostContext] Well known directory 'Diag': 'C:\Users\idoo1\Desktop\project\docker\docker-projects\project3\actions-runner\_diag'
[2026-08-26 16:50:35Z INFO JobExtension] Total accessible running process: 365.
[2026-08-26 16:50:35Z INFO HostContext] Well known directory 'Bin': 'C:\Users\idoo1\Desktop\project\docker\docker-projects\project3\actions-runner\bin'
[2026-08-26 16:50:35Z INFO HostContext] Well known directory 'Root': 'C:\Users\idoo1\Desktop\project\docker\docker-projects\project3\actions-runner'
[2026-08-26 16:50:35Z INFO HostContext] Well known directory 'Work': 'C:\Users\idoo1\Desktop\project\docker\docker-projects\project3\actions-runner\_work'
[2026-08-26 16:50:35Z INFO JobExtension] Start checking server connectivity.
[2026-08-26 16:50:35Z INFO JobExtension] Check server connectivity for https://broker.actions.githubusercontent.com/health.
[2026-08-26 16:50:35Z INFO JobExtension] Check server connectivity for https://token.actions.githubusercontent.com/ready.
[2026-08-26 16:50:35Z INFO JobExtension] Check server connectivity for https://run.actions.githubusercontent.com/health.
[2026-08-26 16:50:35Z INFO JobExtension] Start checking service connectivity in background.
[2026-08-26 16:50:35Z INFO ExecutionContext] Publish step telemetry for current step {
  "action": "setup_job",
  "type": "runner",
  "stage": "Pre",
  "stepId": "7423915c-7bca-4a3f-a105-dfad633afb99",
  "result": "succeeded",
  "errorMessages": [],
  "executionTimeInSeconds": 3,
  "startTime": "2026-08-26T16:50:32.9152537Z",
  "finishTime": "2026-08-26T16:50:35.8507417Z"
}.
[2026-08-26 16:50:35Z INFO JobRunner] Total job steps: 4.
[2026-08-26 16:50:35Z INFO JobRunner] Run all job steps.
[2026-08-26 16:50:35Z INFO DapDebugger] DapDebugger initialized
[2026-08-26 16:50:35Z INFO StepsRunner] Processing step: DisplayName='Run actions/checkout@v4'
[2026-08-26 16:50:35Z INFO StepsRunner] Evaluating: success()
[2026-08-26 16:50:35Z INFO StepsRunner] Result: true
[2026-08-26 16:50:35Z INFO StepsRunner] Starting the step.
[2026-08-26 16:50:35Z INFO HostContext] Well known directory 'Bin': 'C:\Users\idoo1\Desktop\project\docker\docker-projects\project3\actions-runner\bin'
[2026-08-26 16:50:35Z INFO HostContext] Well known directory 'Root': 'C:\Users\idoo1\Desktop\project\docker\docker-projects\project3\actions-runner'
[2026-08-26 16:50:35Z INFO HostContext] Well known directory 'Work': 'C:\Users\idoo1\Desktop\project\docker\docker-projects\project3\actions-runner\_work'
[2026-08-26 16:50:35Z INFO StepsRunner] Which2: 'chcp'
[2026-08-26 16:50:35Z INFO StepsRunner] Location: 'C:\windows\system32\chcp.COM'
[2026-08-26 16:50:35Z INFO ProcessInvokerWrapper] Starting process:
[2026-08-26 16:50:35Z INFO ProcessInvokerWrapper]   File name: 'C:\windows\system32\chcp.COM'
[2026-08-26 16:50:35Z INFO ProcessInvokerWrapper]   Arguments: '65001'
[2026-08-26 16:50:35Z INFO ProcessInvokerWrapper]   Working directory: 'C:\Users\idoo1\Desktop\project\docker\docker-projects\project3\actions-runner\_work'
[2026-08-26 16:50:35Z INFO ProcessInvokerWrapper]   Require exit code zero: 'False'
[2026-08-26 16:50:35Z INFO ProcessInvokerWrapper]   Encoding web name:  ; code page: ''
[2026-08-26 16:50:35Z INFO ProcessInvokerWrapper]   Force kill process on cancellation: 'False'
[2026-08-26 16:50:35Z INFO ProcessInvokerWrapper]   Redirected STDIN: 'False'
[2026-08-26 16:50:35Z INFO ProcessInvokerWrapper]   Persist current code page: 'True'
[2026-08-26 16:50:35Z INFO ProcessInvokerWrapper]   Keep redirected STDIN open: 'False'
[2026-08-26 16:50:35Z INFO ProcessInvokerWrapper]   High priority process: 'False'
[2026-08-26 16:50:35Z INFO JobServerQueue] Got a step log file to send to results service.
[2026-08-26 16:50:35Z INFO JobServerQueue] Starting upload of step log file to results service ResultsLog, C:\Users\idoo1\Desktop\project\docker\docker-projects\project3\actions-runner\_diag\blocks\70f8f502-2e50-4ae7-bb69-156b965b4742_7423915c-7bca-4a3f-a105-dfad633afb99.1
[2026-08-26 16:50:35Z INFO JobServerQueue] Try to upload 1 log files or attachments, success rate: 1/1.
[2026-08-26 16:50:35Z INFO ProcessInvokerWrapper] Process started with process id 5212, waiting for process exit.
[2026-08-26 16:50:35Z INFO ProcessInvokerWrapper] STDOUT/STDERR stream read finished.
[2026-08-26 16:50:35Z INFO ProcessInvokerWrapper] STDOUT/STDERR stream read finished.
[2026-08-26 16:50:35Z INFO ProcessInvokerWrapper] Finished process 5212 with exit code 0, and elapsed time 00:00:00.0349065.
[2026-08-26 16:50:35Z INFO StepsRunner] Successfully returned to code page 65001 (UTF8)
[2026-08-26 16:50:35Z INFO HostContext] Well known directory 'Bin': 'C:\Users\idoo1\Desktop\project\docker\docker-projects\project3\actions-runner\bin'
[2026-08-26 16:50:35Z INFO HostContext] Well known directory 'Root': 'C:\Users\idoo1\Desktop\project\docker\docker-projects\project3\actions-runner'
[2026-08-26 16:50:35Z INFO HostContext] Well known directory 'Work': 'C:\Users\idoo1\Desktop\project\docker\docker-projects\project3\actions-runner\_work'
[2026-08-26 16:50:35Z INFO HostContext] Well known directory 'Actions': 'C:\Users\idoo1\Desktop\project\docker\docker-projects\project3\actions-runner\_work\_actions'
[2026-08-26 16:50:35Z INFO ActionManager] Load action that reference repository from 'C:\Users\idoo1\Desktop\project\docker\docker-projects\project3\actions-runner\_work\_actions\actions\checkout\v4'
[2026-08-26 16:50:35Z INFO HostContext] Well known directory 'Bin': 'C:\Users\idoo1\Desktop\project\docker\docker-projects\project3\actions-runner\bin'
[2026-08-26 16:50:35Z INFO HostContext] Well known directory 'Root': 'C:\Users\idoo1\Desktop\project\docker\docker-projects\project3\actions-runner'
[2026-08-26 16:50:35Z INFO HostContext] Well known directory 'Work': 'C:\Users\idoo1\Desktop\project\docker\docker-projects\project3\actions-runner\_work'
[2026-08-26 16:50:35Z INFO HostContext] Well known directory 'Actions': 'C:\Users\idoo1\Desktop\project\docker\docker-projects\project3\actions-runner\_work\_actions'
[2026-08-26 16:50:35Z INFO ActionManifestManagerLegacy] Loaded action.yml file: {
  "name": "Checkout",
  "description": "Checkout a Git repository at a particular version",
  "inputs": {
    "type": 2,
    "map": [
      {
        "key": {
          "type": 0,
          "file": 2,
          "line": 4,
          "col": 3,
          "lit": "repository"
        },
        "value": {
          "type": 3,
          "file": 2,
          "line": 6,
          "col": 14,
          "expr": "github.repository"
        }
      },
      {
        "key": {
          "type": 0,
          "file": 2,
          "line": 7,
          "col": 3,
          "lit": "ref"
        },
        "value": ""
      },
      {
        "key": {
          "type": 0,
          "file": 2,
          "line": 12,
          "col": 3,
          "lit": "token"
        },
        "value": {
          "type": 3,
          "file": 2,
          "line": 24,
          "col": 14,
          "expr": "github.token"
        }
      },
      {
        "key": {
          "type": 0,
          "file": 2,
          "line": 25,
          "col": 3,
          "lit": "ssh-key"
        },
        "value": ""
      },
      {
        "key": {
          "type": 0,
          "file": 2,
          "line": 37,
          "col": 3,
          "lit": "ssh-known-hosts"
        },
        "value": ""
      },
      {
        "key": {
          "type": 0,
          "file": 2,
          "line": 42,
          "col": 3,
          "lit": "ssh-strict"
        },
        "value": {
          "type": 0,
          "file": 2,
          "line": 47,
          "col": 14,
          "lit": "true"
        }
      },
      {
        "key": {
          "type": 0,
          "file": 2,
          "line": 48,
          "col": 3,
          "lit": "ssh-user"
        },
        "value": {
          "type": 0,
          "file": 2,
          "line": 51,
          "col": 14,
          "lit": "git"
        }
      },
      {
        "key": {
          "type": 0,
          "file": 2,
          "line": 52,
          "col": 3,
          "lit": "persist-credentials"
        },
        "value": {
          "type": 0,
          "file": 2,
          "line": 54,
          "col": 14,
          "lit": "true"
        }
      },
      {
        "key": {
          "type": 0,
          "file": 2,
          "line": 55,
          "col": 3,
          "lit": "path"
        },
        "value": ""
      },
      {
        "key": {
          "type": 0,
          "file": 2,
          "line": 57,
          "col": 3,
          "lit": "clean"
        },
        "value": {
          "type": 0,
          "file": 2,
          "line": 59,
          "col": 14,
          "lit": "true"
        }
      },
      {
        "key": {
          "type": 0,
          "file": 2,
          "line": 60,
          "col": 3,
          "lit": "filter"
        },
        "value": {
          "type": 0,
          "file": 2,
          "line": 64,
          "col": 14,
          "lit": ""
        }
      },
      {
        "key": {
          "type": 0,
          "file": 2,
          "line": 65,
          "col": 3,
          "lit": "sparse-checkout"
        },
        "value": {
          "type": 0,
          "file": 2,
          "line": 69,
          "col": 14,
          "lit": ""
        }
      },
      {
        "key": {
          "type": 0,
          "file": 2,
          "line": 70,
          "col": 3,
          "lit": "sparse-checkout-cone-mode"
        },
        "value": {
          "type": 0,
          "file": 2,
          "line": 73,
          "col": 14,
          "lit": "true"
        }
      },
      {
        "key": {
          "type": 0,
          "file": 2,
          "line": 74,
          "col": 3,
          "lit": "fetch-depth"
        },
        "value": {
          "type": 0,
          "file": 2,
          "line": 76,
          "col": 14,
          "lit": "1"
        }
      },
      {
        "key": {
          "type": 0,
          "file": 2,
          "line": 77,
          "col": 3,
          "lit": "fetch-tags"
        },
        "value": {
          "type": 0,
          "file": 2,
          "line": 79,
          "col": 14,
          "lit": "false"
        }
      },
      {
        "key": {
          "type": 0,
          "file": 2,
          "line": 80,
          "col": 3,
          "lit": "show-progress"
        },
        "value": {
          "type": 0,
          "file": 2,
          "line": 82,
          "col": 14,
          "lit": "true"
        }
      },
      {
        "key": {
          "type": 0,
          "file": 2,
          "line": 83,
          "col": 3,
          "lit": "lfs"
        },
        "value": {
          "type": 0,
          "file": 2,
          "line": 85,
          "col": 14,
          "lit": "false"
        }
      },
      {
        "key": {
          "type": 0,
          "file": 2,
          "line": 86,
          "col": 3,
          "lit": "submodules"
        },
        "value": {
          "type": 0,
          "file": 2,
          "line": 94,
          "col": 14,
          "lit": "false"
        }
      },
      {
        "key": {
          "type": 0,
          "file": 2,
          "line": 95,
          "col": 3,
          "lit": "set-safe-directory"
        },
        "value": {
          "type": 0,
          "file": 2,
          "line": 97,
          "col": 14,
          "lit": "true"
        }
      },
      {
        "key": {
          "type": 0,
          "file": 2,
          "line": 98,
          "col": 3,
          "lit": "github-server-url"
        },
        "value": ""
      },
      {
        "key": {
          "type": 0,
          "file": 2,
          "line": 101,
          "col": 3,
          "lit": "allow-unsafe-pr-checkout"
        },
        "value": {
          "type": 0,
          "file": 2,
          "line": 109,
          "col": 14,
          "lit": "false"
        }
      }
    ]
  },
  "execution": {
    "executionType": "nodeJS",
    "hasPre": false,
    "hasPost": true,
    "script": "dist/index.js",
    "pre": null,
    "post": "dist/index.js",
    "nodeVersion": "node20",
    "cleanupCondition": "always()",
    "initCondition": "always()"
  },
  "deprecated": null
}
[2026-08-26 16:50:35Z INFO ActionManager] Action pre node.js file: N/A.
[2026-08-26 16:50:35Z INFO ActionManager] Action node.js file: dist/index.js.
[2026-08-26 16:50:35Z INFO ActionManager] Action post node.js file: dist/index.js.
[2026-08-26 16:50:35Z INFO ExecutionContext] Reserve record order 6 to 10 for post job actions.
[2026-08-26 16:50:35Z INFO HostContext] Well known directory 'Bin': 'C:\Users\idoo1\Desktop\project\docker\docker-projects\project3\actions-runner\bin'
[2026-08-26 16:50:35Z INFO HostContext] Well known directory 'Root': 'C:\Users\idoo1\Desktop\project\docker\docker-projects\project3\actions-runner'
[2026-08-26 16:50:35Z INFO HostContext] Well known directory 'Diag': 'C:\Users\idoo1\Desktop\project\docker\docker-projects\project3\actions-runner\_diag'
[2026-08-26 16:50:35Z INFO HostContext] Well known directory 'Bin': 'C:\Users\idoo1\Desktop\project\docker\docker-projects\project3\actions-runner\bin'
[2026-08-26 16:50:35Z INFO HostContext] Well known directory 'Root': 'C:\Users\idoo1\Desktop\project\docker\docker-projects\project3\actions-runner'
[2026-08-26 16:50:35Z INFO HostContext] Well known directory 'Diag': 'C:\Users\idoo1\Desktop\project\docker\docker-projects\project3\actions-runner\_diag'
[2026-08-26 16:50:35Z INFO HostContext] Well known directory 'Bin': 'C:\Users\idoo1\Desktop\project\docker\docker-projects\project3\actions-runner\bin'
[2026-08-26 16:50:35Z INFO HostContext] Well known directory 'Root': 'C:\Users\idoo1\Desktop\project\docker\docker-projects\project3\actions-runner'
[2026-08-26 16:50:35Z INFO HostContext] Well known directory 'Work': 'C:\Users\idoo1\Desktop\project\docker\docker-projects\project3\actions-runner\_work'
[2026-08-26 16:50:35Z INFO HostContext] Well known directory 'Temp': 'C:\Users\idoo1\Desktop\project\docker\docker-projects\project3\actions-runner\_work\_temp'
[2026-08-26 16:50:35Z INFO ExecutionContext] Write event payload to C:\Users\idoo1\Desktop\project\docker\docker-projects\project3\actions-runner\_work\_temp\_github_workflow\event.json
[2026-08-26 16:50:35Z INFO HostContext] Well known directory 'Bin': 'C:\Users\idoo1\Desktop\project\docker\docker-projects\project3\actions-runner\bin'
[2026-08-26 16:50:35Z INFO HostContext] Well known directory 'Root': 'C:\Users\idoo1\Desktop\project\docker\docker-projects\project3\actions-runner'
[2026-08-26 16:50:35Z INFO HostContext] Well known directory 'Work': 'C:\Users\idoo1\Desktop\project\docker\docker-projects\project3\actions-runner\_work'
[2026-08-26 16:50:35Z INFO HostContext] Well known directory 'Temp': 'C:\Users\idoo1\Desktop\project\docker\docker-projects\project3\actions-runner\_work\_temp'
[2026-08-26 16:50:35Z INFO ExtensionManager] Getting extensions for interface: 'GitHub.Runner.Worker.IFileCommandExtension'
[2026-08-26 16:50:35Z INFO ExtensionManager] Creating instance: GitHub.Runner.Worker.AddPathFileCommand, Runner.Worker
[2026-08-26 16:50:35Z INFO ExtensionManager] Creating instance: GitHub.Runner.Worker.SetEnvFileCommand, Runner.Worker
[2026-08-26 16:50:35Z INFO ExtensionManager] Creating instance: GitHub.Runner.Worker.CreateStepSummaryCommand, Runner.Worker
[2026-08-26 16:50:35Z INFO ExtensionManager] Creating instance: GitHub.Runner.Worker.SaveStateFileCommand, Runner.Worker
[2026-08-26 16:50:35Z INFO ExtensionManager] Creating instance: GitHub.Runner.Worker.SetOutputFileCommand, Runner.Worker
[2026-08-26 16:50:35Z INFO ExtensionManager] Creating instance: GitHub.Runner.Worker.CreateArtifactsFileCommand, Runner.Worker
[2026-08-26 16:50:35Z INFO ExtensionManager] Creating instance: GitHub.Runner.Worker.ArtifactsListFileCommand, Runner.Worker
[2026-08-26 16:50:35Z INFO ActionManifestManagerLegacy] Input 'repository': default value evaluate result: {
  "type": 0,
  "file": 2,
  "line": 6,
  "col": 14,
  "lit": "Idoo10502/docker-project"
}
[2026-08-26 16:50:35Z INFO ActionManifestManagerLegacy] Input 'ref': default value evaluate result: ""
[2026-08-26 16:50:35Z INFO ActionManifestManagerLegacy] Input 'token': default value evaluate result: {
  "type": 0,
  "file": 2,
  "line": 24,
  "col": 14,
  "lit": "***"
}
[2026-08-26 16:50:35Z INFO ActionManifestManagerLegacy] Input 'ssh-key': default value evaluate result: ""
[2026-08-26 16:50:35Z INFO ActionManifestManagerLegacy] Input 'ssh-known-hosts': default value evaluate result: ""
[2026-08-26 16:50:35Z INFO ActionManifestManagerLegacy] Input 'ssh-strict': default value evaluate result: {
  "type": 0,
  "file": 2,
  "line": 47,
  "col": 14,
  "lit": "true"
}
[2026-08-26 16:50:35Z INFO ActionManifestManagerLegacy] Input 'ssh-user': default value evaluate result: {
  "type": 0,
  "file": 2,
  "line": 51,
  "col": 14,
  "lit": "git"
}
[2026-08-26 16:50:35Z INFO ActionManifestManagerLegacy] Input 'persist-credentials': default value evaluate result: {
  "type": 0,
  "file": 2,
  "line": 54,
  "col": 14,
  "lit": "true"
}
[2026-08-26 16:50:35Z INFO ActionManifestManagerLegacy] Input 'path': default value evaluate result: ""
[2026-08-26 16:50:35Z INFO ActionManifestManagerLegacy] Input 'clean': default value evaluate result: {
  "type": 0,
  "file": 2,
  "line": 59,
  "col": 14,
  "lit": "true"
}
[2026-08-26 16:50:35Z INFO ActionManifestManagerLegacy] Input 'filter': default value evaluate result: {
  "type": 0,
  "file": 2,
  "line": 64,
  "col": 14,
  "lit": ""
}
[2026-08-26 16:50:35Z INFO ActionManifestManagerLegacy] Input 'sparse-checkout': default value evaluate result: {
  "type": 0,
  "file": 2,
  "line": 69,
  "col": 14,
  "lit": ""
}
[2026-08-26 16:50:35Z INFO ActionManifestManagerLegacy] Input 'sparse-checkout-cone-mode': default value evaluate result: {
  "type": 0,
  "file": 2,
  "line": 73,
  "col": 14,
  "lit": "true"
}
[2026-08-26 16:50:35Z INFO ActionManifestManagerLegacy] Input 'fetch-depth': default value evaluate result: {
  "type": 0,
  "file": 2,
  "line": 76,
  "col": 14,
  "lit": "1"
}
[2026-08-26 16:50:35Z INFO ActionManifestManagerLegacy] Input 'fetch-tags': default value evaluate result: {
  "type": 0,
  "file": 2,
  "line": 79,
  "col": 14,
  "lit": "false"
}
[2026-08-26 16:50:35Z INFO ActionManifestManagerLegacy] Input 'show-progress': default value evaluate result: {
  "type": 0,
  "file": 2,
  "line": 82,
  "col": 14,
  "lit": "true"
}
[2026-08-26 16:50:35Z INFO ActionManifestManagerLegacy] Input 'lfs': default value evaluate result: {
  "type": 0,
  "file": 2,
  "line": 85,
  "col": 14,
  "lit": "false"
}
[2026-08-26 16:50:35Z INFO ActionManifestManagerLegacy] Input 'submodules': default value evaluate result: {
  "type": 0,
  "file": 2,
  "line": 94,
  "col": 14,
  "lit": "false"
}
[2026-08-26 16:50:35Z INFO ActionManifestManagerLegacy] Input 'set-safe-directory': default value evaluate result: {
  "type": 0,
  "file": 2,
  "line": 97,
  "col": 14,
  "lit": "true"
}
[2026-08-26 16:50:35Z INFO ActionManifestManagerLegacy] Input 'github-server-url': default value evaluate result: ""
[2026-08-26 16:50:35Z INFO ActionManifestManagerLegacy] Input 'allow-unsafe-pr-checkout': default value evaluate result: {
  "type": 0,
  "file": 2,
  "line": 109,
  "col": 14,
  "lit": "false"
}
[2026-08-26 16:50:35Z INFO ExtensionManager] Getting extensions for interface: 'GitHub.Runner.Worker.IActionCommandExtension'
[2026-08-26 16:50:35Z INFO ExtensionManager] Creating instance: GitHub.Runner.Worker.InternalPluginSetRepoPathCommandExtension, Runner.Worker
[2026-08-26 16:50:35Z INFO ExtensionManager] Creating instance: GitHub.Runner.Worker.SetEnvCommandExtension, Runner.Worker
[2026-08-26 16:50:35Z INFO ExtensionManager] Creating instance: GitHub.Runner.Worker.SetOutputCommandExtension, Runner.Worker
[2026-08-26 16:50:35Z INFO ExtensionManager] Creating instance: GitHub.Runner.Worker.SaveStateCommandExtension, Runner.Worker
[2026-08-26 16:50:35Z INFO ExtensionManager] Creating instance: GitHub.Runner.Worker.AddPathCommandExtension, Runner.Worker
[2026-08-26 16:50:35Z INFO ExtensionManager] Creating instance: GitHub.Runner.Worker.AddMaskCommandExtension, Runner.Worker
[2026-08-26 16:50:35Z INFO ExtensionManager] Creating instance: GitHub.Runner.Worker.AddMatcherCommandExtension, Runner.Worker
[2026-08-26 16:50:35Z INFO ExtensionManager] Creating instance: GitHub.Runner.Worker.RemoveMatcherCommandExtension, Runner.Worker
[2026-08-26 16:50:35Z INFO ExtensionManager] Creating instance: GitHub.Runner.Worker.WarningCommandExtension, Runner.Worker
[2026-08-26 16:50:35Z INFO ExtensionManager] Creating instance: GitHub.Runner.Worker.ErrorCommandExtension, Runner.Worker
[2026-08-26 16:50:35Z INFO ExtensionManager] Creating instance: GitHub.Runner.Worker.NoticeCommandExtension, Runner.Worker
[2026-08-26 16:50:35Z INFO ExtensionManager] Creating instance: GitHub.Runner.Worker.DebugCommandExtension, Runner.Worker
[2026-08-26 16:50:35Z INFO ExtensionManager] Creating instance: GitHub.Runner.Worker.GroupCommandExtension, Runner.Worker
[2026-08-26 16:50:35Z INFO ExtensionManager] Creating instance: GitHub.Runner.Worker.EndGroupCommandExtension, Runner.Worker
[2026-08-26 16:50:35Z INFO ExtensionManager] Creating instance: GitHub.Runner.Worker.EchoCommandExtension, Runner.Worker
[2026-08-26 16:50:35Z INFO ActionCommandManager] Register action command extension for command internal-set-repo-path
[2026-08-26 16:50:35Z INFO ActionCommandManager] Register action command extension for command set-env
[2026-08-26 16:50:35Z INFO ActionCommandManager] Register action command extension for command set-output
[2026-08-26 16:50:35Z INFO ActionCommandManager] Register action command extension for command save-state
[2026-08-26 16:50:35Z INFO ActionCommandManager] Register action command extension for command add-path
[2026-08-26 16:50:35Z INFO ActionCommandManager] Register action command extension for command add-mask
[2026-08-26 16:50:35Z INFO ActionCommandManager] Register action command extension for command add-matcher
[2026-08-26 16:50:35Z INFO ActionCommandManager] Register action command extension for command remove-matcher
[2026-08-26 16:50:35Z INFO ActionCommandManager] Register action command extension for command warning
[2026-08-26 16:50:35Z INFO ActionCommandManager] Register action command extension for command error
[2026-08-26 16:50:35Z INFO ActionCommandManager] Register action command extension for command notice
[2026-08-26 16:50:35Z INFO ActionCommandManager] Register action command extension for command debug
[2026-08-26 16:50:35Z INFO ActionCommandManager] Register action command extension for command group
[2026-08-26 16:50:35Z INFO ActionCommandManager] Register action command extension for command endgroup
[2026-08-26 16:50:35Z INFO ActionCommandManager] Register action command extension for command echo
[2026-08-26 16:50:36Z INFO HostContext] Well known directory 'Bin': 'C:\Users\idoo1\Desktop\project\docker\docker-projects\project3\actions-runner\bin'
[2026-08-26 16:50:36Z INFO HostContext] Well known directory 'Root': 'C:\Users\idoo1\Desktop\project\docker\docker-projects\project3\actions-runner'
[2026-08-26 16:50:36Z INFO HostContext] Well known directory 'Externals': 'C:\Users\idoo1\Desktop\project\docker\docker-projects\project3\actions-runner\externals'
[2026-08-26 16:50:36Z INFO ProcessInvokerWrapper] Starting process:
[2026-08-26 16:50:36Z INFO ProcessInvokerWrapper]   File name: 'C:\Users\idoo1\Desktop\project\docker\docker-projects\project3\actions-runner\externals\node24\bin\node.exe'
[2026-08-26 16:50:36Z INFO ProcessInvokerWrapper]   Arguments: '"C:\Users\idoo1\Desktop\project\docker\docker-projects\project3\actions-runner\_work\_actions\actions\checkout\v4\dist/index.js"'
[2026-08-26 16:50:36Z INFO ProcessInvokerWrapper]   Working directory: 'C:\Users\idoo1\Desktop\project\docker\docker-projects\project3\actions-runner\_work\docker-project\docker-project'
[2026-08-26 16:50:36Z INFO ProcessInvokerWrapper]   Require exit code zero: 'False'
[2026-08-26 16:50:36Z INFO ProcessInvokerWrapper]   Encoding web name: utf-8 ; code page: '65001'
[2026-08-26 16:50:36Z INFO ProcessInvokerWrapper]   Force kill process on cancellation: 'False'
[2026-08-26 16:50:36Z INFO ProcessInvokerWrapper]   Redirected STDIN: 'False'
[2026-08-26 16:50:36Z INFO ProcessInvokerWrapper]   Persist current code page: 'True'
[2026-08-26 16:50:36Z INFO ProcessInvokerWrapper]   Keep redirected STDIN open: 'False'
[2026-08-26 16:50:36Z INFO ProcessInvokerWrapper]   High priority process: 'False'
[2026-08-26 16:50:36Z INFO JobServerQueue] Try to append 1 batches web console lines for record '7423915c-7bca-4a3f-a105-dfad633afb99', success rate: 1/1.
[2026-08-26 16:50:36Z INFO JobServerQueue] Try to append 1 batches web console lines for record '156c66cd-78ed-4a28-85ba-74071cf704dc', success rate: 1/1.
[2026-08-26 16:50:36Z INFO ProcessInvokerWrapper] Process started with process id 34036, waiting for process exit.
[2026-08-26 16:50:36Z INFO JobServerQueue] Tried to upload 1 file(s) to results, success rate: 1/1.
[2026-08-26 16:50:37Z INFO AddMaskCommandExtension] Add new secret mask with length of 524
[2026-08-26 16:50:37Z INFO JobServerQueue] Try to append 1 batches web console lines for record '156c66cd-78ed-4a28-85ba-74071cf704dc', success rate: 1/1.
[2026-08-26 16:50:37Z INFO JobServerQueue] Try to append 1 batches web console lines for record '156c66cd-78ed-4a28-85ba-74071cf704dc', success rate: 1/1.
[2026-08-26 16:50:37Z INFO JobServerQueue] Try to append 1 batches web console lines for record '156c66cd-78ed-4a28-85ba-74071cf704dc', success rate: 1/1.
[2026-08-26 16:50:39Z INFO JobServerQueue] Try to append 1 batches web console lines for record '156c66cd-78ed-4a28-85ba-74071cf704dc', success rate: 1/1.
[2026-08-26 16:50:39Z INFO JobServerQueue] Try to append 1 batches web console lines for record '156c66cd-78ed-4a28-85ba-74071cf704dc', success rate: 1/1.
[2026-08-26 16:50:40Z INFO JobServerQueue] Try to append 1 batches web console lines for record '156c66cd-78ed-4a28-85ba-74071cf704dc', success rate: 1/1.
[2026-08-26 16:50:41Z INFO JobServerQueue] Try to append 1 batches web console lines for record '156c66cd-78ed-4a28-85ba-74071cf704dc', success rate: 1/1.
[2026-08-26 16:50:43Z INFO JobServerQueue] Try to append 1 batches web console lines for record '156c66cd-78ed-4a28-85ba-74071cf704dc', success rate: 1/1.
[2026-08-26 16:50:43Z INFO JobServerQueue] Try to append 1 batches web console lines for record '156c66cd-78ed-4a28-85ba-74071cf704dc', success rate: 1/1.
[2026-08-26 16:50:45Z INFO JobServerQueue] Try to append 1 batches web console lines for record '156c66cd-78ed-4a28-85ba-74071cf704dc', success rate: 1/1.
[2026-08-26 16:50:45Z INFO HostContext] Well known directory 'Bin': 'C:\Users\idoo1\Desktop\project\docker\docker-projects\project3\actions-runner\bin'
[2026-08-26 16:50:45Z INFO HostContext] Well known directory 'Root': 'C:\Users\idoo1\Desktop\project\docker\docker-projects\project3\actions-runner'
[2026-08-26 16:50:45Z INFO HostContext] Well known directory 'Work': 'C:\Users\idoo1\Desktop\project\docker\docker-projects\project3\actions-runner\_work'
[2026-08-26 16:50:46Z INFO JobServerQueue] Try to append 1 batches web console lines for record '156c66cd-78ed-4a28-85ba-74071cf704dc', success rate: 1/1.
[2026-08-26 16:50:48Z INFO JobServerQueue] Try to append 1 batches web console lines for record '156c66cd-78ed-4a28-85ba-74071cf704dc', success rate: 1/1.
[2026-08-26 16:50:48Z INFO JobServerQueue] Try to append 1 batches web console lines for record '156c66cd-78ed-4a28-85ba-74071cf704dc', success rate: 1/1.
[2026-08-26 16:50:49Z INFO JobServerQueue] Try to append 1 batches web console lines for record '156c66cd-78ed-4a28-85ba-74071cf704dc', success rate: 1/1.
[2026-08-26 16:50:49Z INFO ProcessInvokerWrapper] STDOUT/STDERR stream read finished.
[2026-08-26 16:50:49Z INFO ProcessInvokerWrapper] STDOUT/STDERR stream read finished.
[2026-08-26 16:50:49Z INFO ProcessInvokerWrapper] Finished process 34036 with exit code 0, and elapsed time 00:00:13.5268040.
[2026-08-26 16:50:49Z INFO CreateStepSummaryCommand] Step Summary file (C:\Users\idoo1\Desktop\project\docker\docker-projects\project3\actions-runner\_work\_temp\_runner_file_commands\step_summary_81655f9f-bcea-4de1-b8c8-0ffa0558f314) is empty; skipping attachment upload
[2026-08-26 16:50:49Z INFO StepsRunner] Step result: 
[2026-08-26 16:50:49Z INFO ExecutionContext] Publish step telemetry for current step {
  "action": "actions/checkout",
  "ref": "v4",
  "type": "node24",
  "stage": "Main",
  "stepId": "156c66cd-78ed-4a28-85ba-74071cf704dc",
  "stepContextName": "__actions_checkout",
  "hasPreStep": false,
  "hasPostStep": true,
  "result": "succeeded",
  "errorMessages": [],
  "executionTimeInSeconds": 14,
  "startTime": "2026-08-26T16:50:35.867506Z",
  "finishTime": "2026-08-26T16:50:49.5477712Z"
}.
[2026-08-26 16:50:49Z INFO StepsRunner] No need for updating job result with current step result 'Succeeded'.
[2026-08-26 16:50:49Z INFO StepsRunner] Current state: job state = ''
[2026-08-26 16:50:49Z INFO StepsRunner] Processing step: DisplayName='Build image'
[2026-08-26 16:50:49Z INFO StepsRunner] Evaluating: success()
[2026-08-26 16:50:49Z INFO StepsRunner] Result: true
[2026-08-26 16:50:49Z INFO StepsRunner] Starting the step.
[2026-08-26 16:50:49Z INFO HostContext] Well known directory 'Bin': 'C:\Users\idoo1\Desktop\project\docker\docker-projects\project3\actions-runner\bin'
[2026-08-26 16:50:49Z INFO HostContext] Well known directory 'Root': 'C:\Users\idoo1\Desktop\project\docker\docker-projects\project3\actions-runner'
[2026-08-26 16:50:49Z INFO HostContext] Well known directory 'Work': 'C:\Users\idoo1\Desktop\project\docker\docker-projects\project3\actions-runner\_work'
[2026-08-26 16:50:49Z INFO StepsRunner] Which2: 'chcp'
[2026-08-26 16:50:49Z INFO StepsRunner] Location: 'C:\windows\system32\chcp.COM'
[2026-08-26 16:50:49Z INFO ProcessInvokerWrapper] Starting process:
[2026-08-26 16:50:49Z INFO ProcessInvokerWrapper]   File name: 'C:\windows\system32\chcp.COM'
[2026-08-26 16:50:49Z INFO ProcessInvokerWrapper]   Arguments: '65001'
[2026-08-26 16:50:49Z INFO ProcessInvokerWrapper]   Working directory: 'C:\Users\idoo1\Desktop\project\docker\docker-projects\project3\actions-runner\_work'
[2026-08-26 16:50:49Z INFO ProcessInvokerWrapper]   Require exit code zero: 'False'
[2026-08-26 16:50:49Z INFO ProcessInvokerWrapper]   Encoding web name:  ; code page: ''
[2026-08-26 16:50:49Z INFO ProcessInvokerWrapper]   Force kill process on cancellation: 'False'
[2026-08-26 16:50:49Z INFO ProcessInvokerWrapper]   Redirected STDIN: 'False'
[2026-08-26 16:50:49Z INFO ProcessInvokerWrapper]   Persist current code page: 'True'
[2026-08-26 16:50:49Z INFO ProcessInvokerWrapper]   Keep redirected STDIN open: 'False'
[2026-08-26 16:50:49Z INFO ProcessInvokerWrapper]   High priority process: 'False'
[2026-08-26 16:50:49Z INFO ProcessInvokerWrapper] Process started with process id 15276, waiting for process exit.
[2026-08-26 16:50:49Z INFO ProcessInvokerWrapper] STDOUT/STDERR stream read finished.
[2026-08-26 16:50:49Z INFO ProcessInvokerWrapper] STDOUT/STDERR stream read finished.
[2026-08-26 16:50:49Z INFO ProcessInvokerWrapper] Finished process 15276 with exit code 0, and elapsed time 00:00:00.0586767.
[2026-08-26 16:50:49Z INFO StepsRunner] Successfully returned to code page 65001 (UTF8)
[2026-08-26 16:50:49Z INFO HostContext] Well known directory 'Bin': 'C:\Users\idoo1\Desktop\project\docker\docker-projects\project3\actions-runner\bin'
[2026-08-26 16:50:49Z INFO HostContext] Well known directory 'Root': 'C:\Users\idoo1\Desktop\project\docker\docker-projects\project3\actions-runner'
[2026-08-26 16:50:49Z INFO HostContext] Well known directory 'Work': 'C:\Users\idoo1\Desktop\project\docker\docker-projects\project3\actions-runner\_work'
[2026-08-26 16:50:49Z INFO HostContext] Well known directory 'Temp': 'C:\Users\idoo1\Desktop\project\docker\docker-projects\project3\actions-runner\_work\_temp'
[2026-08-26 16:50:49Z INFO ExecutionContext] Write event payload to C:\Users\idoo1\Desktop\project\docker\docker-projects\project3\actions-runner\_work\_temp\_github_workflow\event.json
[2026-08-26 16:50:49Z INFO HostContext] Well known directory 'Bin': 'C:\Users\idoo1\Desktop\project\docker\docker-projects\project3\actions-runner\bin'
[2026-08-26 16:50:49Z INFO HostContext] Well known directory 'Root': 'C:\Users\idoo1\Desktop\project\docker\docker-projects\project3\actions-runner'
[2026-08-26 16:50:49Z INFO HostContext] Well known directory 'Work': 'C:\Users\idoo1\Desktop\project\docker\docker-projects\project3\actions-runner\_work'
[2026-08-26 16:50:49Z INFO JobServerQueue] Try to append 1 batches web console lines for record '156c66cd-78ed-4a28-85ba-74071cf704dc', success rate: 1/1.
[2026-08-26 16:50:49Z INFO HostContext] Well known directory 'Temp': 'C:\Users\idoo1\Desktop\project\docker\docker-projects\project3\actions-runner\_work\_temp'
[2026-08-26 16:50:49Z INFO ExtensionManager] Getting extensions for interface: 'GitHub.Runner.Worker.IFileCommandExtension'
[2026-08-26 16:50:49Z INFO ExtensionManager] Getting extensions for interface: 'GitHub.Runner.Worker.IActionCommandExtension'
[2026-08-26 16:50:49Z INFO ActionCommandManager] Register action command extension for command internal-set-repo-path
[2026-08-26 16:50:49Z INFO ActionCommandManager] Register action command extension for command set-env
[2026-08-26 16:50:49Z INFO ActionCommandManager] Register action command extension for command set-output
[2026-08-26 16:50:49Z INFO ActionCommandManager] Register action command extension for command save-state
[2026-08-26 16:50:49Z INFO ActionCommandManager] Register action command extension for command add-path
[2026-08-26 16:50:49Z INFO ActionCommandManager] Register action command extension for command add-mask
[2026-08-26 16:50:49Z INFO ActionCommandManager] Register action command extension for command add-matcher
[2026-08-26 16:50:49Z INFO ActionCommandManager] Register action command extension for command remove-matcher
[2026-08-26 16:50:49Z INFO ActionCommandManager] Register action command extension for command warning
[2026-08-26 16:50:49Z INFO ActionCommandManager] Register action command extension for command error
[2026-08-26 16:50:49Z INFO ActionCommandManager] Register action command extension for command notice
[2026-08-26 16:50:49Z INFO ActionCommandManager] Register action command extension for command debug
[2026-08-26 16:50:49Z INFO ActionCommandManager] Register action command extension for command group
[2026-08-26 16:50:49Z INFO ActionCommandManager] Register action command extension for command endgroup
[2026-08-26 16:50:49Z INFO ActionCommandManager] Register action command extension for command echo
[2026-08-26 16:50:49Z INFO ScriptHandler] Which2: 'pwsh'
[2026-08-26 16:50:49Z INFO ScriptHandler] pwsh: command not found. Make sure 'pwsh' is installed and its location included in the 'Path' environment variable.
[2026-08-26 16:50:49Z INFO ScriptHandler] Defaulting to powershell
[2026-08-26 16:50:49Z INFO ScriptHandler] Which2: 'powershell'
[2026-08-26 16:50:49Z INFO ScriptHandler] Location: 'C:\windows\System32\WindowsPowerShell\v1.0\powershell.EXE'
[2026-08-26 16:50:49Z INFO HostContext] Well known directory 'Bin': 'C:\Users\idoo1\Desktop\project\docker\docker-projects\project3\actions-runner\bin'
[2026-08-26 16:50:49Z INFO HostContext] Well known directory 'Root': 'C:\Users\idoo1\Desktop\project\docker\docker-projects\project3\actions-runner'
[2026-08-26 16:50:49Z INFO HostContext] Well known directory 'Work': 'C:\Users\idoo1\Desktop\project\docker\docker-projects\project3\actions-runner\_work'
[2026-08-26 16:50:49Z INFO HostContext] Well known directory 'Temp': 'C:\Users\idoo1\Desktop\project\docker\docker-projects\project3\actions-runner\_work\_temp'
[2026-08-26 16:50:49Z INFO ScriptHandler] Which2: 'pwsh'
[2026-08-26 16:50:49Z INFO ScriptHandler] pwsh: command not found. Make sure 'pwsh' is installed and its location included in the 'Path' environment variable.
[2026-08-26 16:50:49Z INFO ScriptHandler] Defaulting to powershell
[2026-08-26 16:50:49Z INFO ScriptHandler] Which2: 'powershell'
[2026-08-26 16:50:49Z INFO ScriptHandler] Location: 'C:\windows\System32\WindowsPowerShell\v1.0\powershell.EXE'
[2026-08-26 16:50:49Z INFO ProcessInvokerWrapper] Starting process:
[2026-08-26 16:50:49Z INFO ProcessInvokerWrapper]   File name: 'C:\windows\System32\WindowsPowerShell\v1.0\powershell.EXE'
[2026-08-26 16:50:49Z INFO ProcessInvokerWrapper]   Arguments: '-command ". 'C:\Users\idoo1\Desktop\project\docker\docker-projects\project3\actions-runner\_work\_temp\96dbba25-2fd4-443d-b608-54cf4b7d23d9.ps1'"'
[2026-08-26 16:50:49Z INFO ProcessInvokerWrapper]   Working directory: 'C:\Users\idoo1\Desktop\project\docker\docker-projects\project3\actions-runner\_work\docker-project\docker-project'
[2026-08-26 16:50:49Z INFO ProcessInvokerWrapper]   Require exit code zero: 'False'
[2026-08-26 16:50:49Z INFO ProcessInvokerWrapper]   Encoding web name:  ; code page: ''
[2026-08-26 16:50:49Z INFO ProcessInvokerWrapper]   Force kill process on cancellation: 'False'
[2026-08-26 16:50:49Z INFO ProcessInvokerWrapper]   Redirected STDIN: 'False'
[2026-08-26 16:50:49Z INFO ProcessInvokerWrapper]   Persist current code page: 'True'
[2026-08-26 16:50:49Z INFO ProcessInvokerWrapper]   Keep redirected STDIN open: 'False'
[2026-08-26 16:50:49Z INFO ProcessInvokerWrapper]   High priority process: 'False'
[2026-08-26 16:50:49Z INFO ProcessInvokerWrapper] Process started with process id 1544, waiting for process exit.
[2026-08-26 16:50:49Z INFO JobServerQueue] Try to append 1 batches web console lines for record '86b78a1d-5671-460e-973a-a5d04937fb26', success rate: 1/1.
[2026-08-26 16:50:49Z INFO JobServerQueue] Got a step log file to send to results service.
[2026-08-26 16:50:49Z INFO JobServerQueue] Starting upload of step log file to results service ResultsLog, C:\Users\idoo1\Desktop\project\docker\docker-projects\project3\actions-runner\_diag\blocks\70f8f502-2e50-4ae7-bb69-156b965b4742_156c66cd-78ed-4a28-85ba-74071cf704dc.1
[2026-08-26 16:50:49Z INFO JobServerQueue] Try to upload 1 log files or attachments, success rate: 1/1.
[2026-08-26 16:50:50Z INFO JobServerQueue] Try to append 1 batches web console lines for record '86b78a1d-5671-460e-973a-a5d04937fb26', success rate: 1/1.
[2026-08-26 16:50:50Z INFO ProcessInvokerWrapper] STDOUT/STDERR stream read finished.
[2026-08-26 16:50:50Z INFO ProcessInvokerWrapper] STDOUT/STDERR stream read finished.
[2026-08-26 16:50:50Z INFO JobServerQueue] Tried to upload 1 file(s) to results, success rate: 1/1.
[2026-08-26 16:50:50Z INFO ProcessInvokerWrapper] Finished process 1544 with exit code 1, and elapsed time 00:00:00.7771213.
[2026-08-26 16:50:50Z INFO CreateStepSummaryCommand] Step Summary file (C:\Users\idoo1\Desktop\project\docker\docker-projects\project3\actions-runner\_work\_temp\_runner_file_commands\step_summary_6e61a215-e35a-4db5-8197-7afa57ab66bf) is empty; skipping attachment upload
[2026-08-26 16:50:50Z INFO StepsRunner] Step result: Failed
[2026-08-26 16:50:50Z INFO ExecutionContext] Publish step telemetry for current step {
  "action": "powershell",
  "type": "run",
  "stage": "Main",
  "stepId": "86b78a1d-5671-460e-973a-a5d04937fb26",
  "stepContextName": "__run",
  "result": "failed",
  "errorMessages": [
    "Process completed with exit code 1."
  ],
  "executionTimeInSeconds": 1,
  "startTime": "2026-08-26T16:50:49.5516013Z",
  "finishTime": "2026-08-26T16:50:50.4894126Z"
}.
[2026-08-26 16:50:50Z INFO StepsRunner] Update job result with current step result 'Failed'.
[2026-08-26 16:50:50Z INFO StepsRunner] Current state: job state = 'Failed'
[2026-08-26 16:50:50Z INFO StepsRunner] Processing step: DisplayName='Save image'
[2026-08-26 16:50:50Z INFO StepsRunner] Evaluating: success()
[2026-08-26 16:50:50Z INFO StepsRunner] Result: false
[2026-08-26 16:50:50Z INFO StepsRunner] Skipping step due to condition evaluation.
[2026-08-26 16:50:50Z INFO StepsRunner] No need for updating job result with current step result 'Skipped'.
[2026-08-26 16:50:50Z INFO StepsRunner] Current state: job state = 'Failed'
[2026-08-26 16:50:50Z INFO StepsRunner] Processing step: DisplayName='Run actions/upload-artifact@v4'
[2026-08-26 16:50:50Z INFO StepsRunner] Evaluating: success()
[2026-08-26 16:50:50Z INFO StepsRunner] Result: false
[2026-08-26 16:50:50Z INFO StepsRunner] Skipping step due to condition evaluation.
[2026-08-26 16:50:50Z INFO StepsRunner] No need for updating job result with current step result 'Skipped'.
[2026-08-26 16:50:50Z INFO StepsRunner] Current state: job state = 'Failed'
[2026-08-26 16:50:50Z INFO StepsRunner] Processing step: DisplayName='Post Run actions/checkout@v4'
[2026-08-26 16:50:50Z INFO StepsRunner] Evaluating: always()
[2026-08-26 16:50:50Z INFO StepsRunner] Result: true
[2026-08-26 16:50:50Z INFO StepsRunner] Starting the step.
[2026-08-26 16:50:50Z INFO HostContext] Well known directory 'Bin': 'C:\Users\idoo1\Desktop\project\docker\docker-projects\project3\actions-runner\bin'
[2026-08-26 16:50:50Z INFO HostContext] Well known directory 'Root': 'C:\Users\idoo1\Desktop\project\docker\docker-projects\project3\actions-runner'
[2026-08-26 16:50:50Z INFO HostContext] Well known directory 'Work': 'C:\Users\idoo1\Desktop\project\docker\docker-projects\project3\actions-runner\_work'
[2026-08-26 16:50:50Z INFO StepsRunner] Which2: 'chcp'
[2026-08-26 16:50:50Z INFO StepsRunner] Location: 'C:\windows\system32\chcp.COM'
[2026-08-26 16:50:50Z INFO ProcessInvokerWrapper] Starting process:
[2026-08-26 16:50:50Z INFO ProcessInvokerWrapper]   File name: 'C:\windows\system32\chcp.COM'
[2026-08-26 16:50:50Z INFO ProcessInvokerWrapper]   Arguments: '65001'
[2026-08-26 16:50:50Z INFO ProcessInvokerWrapper]   Working directory: 'C:\Users\idoo1\Desktop\project\docker\docker-projects\project3\actions-runner\_work'
[2026-08-26 16:50:50Z INFO ProcessInvokerWrapper]   Require exit code zero: 'False'
[2026-08-26 16:50:50Z INFO ProcessInvokerWrapper]   Encoding web name:  ; code page: ''
[2026-08-26 16:50:50Z INFO ProcessInvokerWrapper]   Force kill process on cancellation: 'False'
[2026-08-26 16:50:50Z INFO ProcessInvokerWrapper]   Redirected STDIN: 'False'
[2026-08-26 16:50:50Z INFO ProcessInvokerWrapper]   Persist current code page: 'True'
[2026-08-26 16:50:50Z INFO ProcessInvokerWrapper]   Keep redirected STDIN open: 'False'
[2026-08-26 16:50:50Z INFO ProcessInvokerWrapper]   High priority process: 'False'
[2026-08-26 16:50:50Z INFO ProcessInvokerWrapper] Process started with process id 24464, waiting for process exit.
[2026-08-26 16:50:50Z INFO ProcessInvokerWrapper] STDOUT/STDERR stream read finished.
[2026-08-26 16:50:50Z INFO ProcessInvokerWrapper] STDOUT/STDERR stream read finished.
[2026-08-26 16:50:50Z INFO ProcessInvokerWrapper] Finished process 24464 with exit code 0, and elapsed time 00:00:00.0327494.
[2026-08-26 16:50:50Z INFO StepsRunner] Successfully returned to code page 65001 (UTF8)
[2026-08-26 16:50:50Z INFO HostContext] Well known directory 'Bin': 'C:\Users\idoo1\Desktop\project\docker\docker-projects\project3\actions-runner\bin'
[2026-08-26 16:50:50Z INFO HostContext] Well known directory 'Root': 'C:\Users\idoo1\Desktop\project\docker\docker-projects\project3\actions-runner'
[2026-08-26 16:50:50Z INFO HostContext] Well known directory 'Work': 'C:\Users\idoo1\Desktop\project\docker\docker-projects\project3\actions-runner\_work'
[2026-08-26 16:50:50Z INFO HostContext] Well known directory 'Actions': 'C:\Users\idoo1\Desktop\project\docker\docker-projects\project3\actions-runner\_work\_actions'
[2026-08-26 16:50:50Z INFO ActionManager] Load action that reference repository from 'C:\Users\idoo1\Desktop\project\docker\docker-projects\project3\actions-runner\_work\_actions\actions\checkout\v4'
[2026-08-26 16:50:50Z INFO HostContext] Well known directory 'Bin': 'C:\Users\idoo1\Desktop\project\docker\docker-projects\project3\actions-runner\bin'
[2026-08-26 16:50:50Z INFO HostContext] Well known directory 'Root': 'C:\Users\idoo1\Desktop\project\docker\docker-projects\project3\actions-runner'
[2026-08-26 16:50:50Z INFO HostContext] Well known directory 'Work': 'C:\Users\idoo1\Desktop\project\docker\docker-projects\project3\actions-runner\_work'
[2026-08-26 16:50:50Z INFO HostContext] Well known directory 'Actions': 'C:\Users\idoo1\Desktop\project\docker\docker-projects\project3\actions-runner\_work\_actions'
[2026-08-26 16:50:50Z INFO ActionManifestManagerLegacy] Loaded action.yml file: {
  "name": "Checkout",
  "description": "Checkout a Git repository at a particular version",
  "inputs": {
    "type": 2,
    "map": [
      {
        "key": {
          "type": 0,
          "file": 2,
          "line": 4,
          "col": 3,
          "lit": "repository"
        },
        "value": {
          "type": 3,
          "file": 2,
          "line": 6,
          "col": 14,
          "expr": "github.repository"
        }
      },
      {
        "key": {
          "type": 0,
          "file": 2,
          "line": 7,
          "col": 3,
          "lit": "ref"
        },
        "value": ""
      },
      {
        "key": {
          "type": 0,
          "file": 2,
          "line": 12,
          "col": 3,
          "lit": "token"
        },
        "value": {
          "type": 3,
          "file": 2,
          "line": 24,
          "col": 14,
          "expr": "github.token"
        }
      },
      {
        "key": {
          "type": 0,
          "file": 2,
          "line": 25,
          "col": 3,
          "lit": "ssh-key"
        },
        "value": ""
      },
      {
        "key": {
          "type": 0,
          "file": 2,
          "line": 37,
          "col": 3,
          "lit": "ssh-known-hosts"
        },
        "value": ""
      },
      {
        "key": {
          "type": 0,
          "file": 2,
          "line": 42,
          "col": 3,
          "lit": "ssh-strict"
        },
        "value": {
          "type": 0,
          "file": 2,
          "line": 47,
          "col": 14,
          "lit": "true"
        }
      },
      {
        "key": {
          "type": 0,
          "file": 2,
          "line": 48,
          "col": 3,
          "lit": "ssh-user"
        },
        "value": {
          "type": 0,
          "file": 2,
          "line": 51,
          "col": 14,
          "lit": "git"
        }
      },
      {
        "key": {
          "type": 0,
          "file": 2,
          "line": 52,
          "col": 3,
          "lit": "persist-credentials"
        },
        "value": {
          "type": 0,
          "file": 2,
          "line": 54,
          "col": 14,
          "lit": "true"
        }
      },
      {
        "key": {
          "type": 0,
          "file": 2,
          "line": 55,
          "col": 3,
          "lit": "path"
        },
        "value": ""
      },
      {
        "key": {
          "type": 0,
          "file": 2,
          "line": 57,
          "col": 3,
          "lit": "clean"
        },
        "value": {
          "type": 0,
          "file": 2,
          "line": 59,
          "col": 14,
          "lit": "true"
        }
      },
      {
        "key": {
          "type": 0,
          "file": 2,
          "line": 60,
          "col": 3,
          "lit": "filter"
        },
        "value": {
          "type": 0,
          "file": 2,
          "line": 64,
          "col": 14,
          "lit": ""
        }
      },
      {
        "key": {
          "type": 0,
          "file": 2,
          "line": 65,
          "col": 3,
          "lit": "sparse-checkout"
        },
        "value": {
          "type": 0,
          "file": 2,
          "line": 69,
          "col": 14,
          "lit": ""
        }
      },
      {
        "key": {
          "type": 0,
          "file": 2,
          "line": 70,
          "col": 3,
          "lit": "sparse-checkout-cone-mode"
        },
        "value": {
          "type": 0,
          "file": 2,
          "line": 73,
          "col": 14,
          "lit": "true"
        }
      },
      {
        "key": {
          "type": 0,
          "file": 2,
          "line": 74,
          "col": 3,
          "lit": "fetch-depth"
        },
        "value": {
          "type": 0,
          "file": 2,
          "line": 76,
          "col": 14,
          "lit": "1"
        }
      },
      {
        "key": {
          "type": 0,
          "file": 2,
          "line": 77,
          "col": 3,
          "lit": "fetch-tags"
        },
        "value": {
          "type": 0,
          "file": 2,
          "line": 79,
          "col": 14,
          "lit": "false"
        }
      },
      {
        "key": {
          "type": 0,
          "file": 2,
          "line": 80,
          "col": 3,
          "lit": "show-progress"
        },
        "value": {
          "type": 0,
          "file": 2,
          "line": 82,
          "col": 14,
          "lit": "true"
        }
      },
      {
        "key": {
          "type": 0,
          "file": 2,
          "line": 83,
          "col": 3,
          "lit": "lfs"
        },
        "value": {
          "type": 0,
          "file": 2,
          "line": 85,
          "col": 14,
          "lit": "false"
        }
      },
      {
        "key": {
          "type": 0,
          "file": 2,
          "line": 86,
          "col": 3,
          "lit": "submodules"
        },
        "value": {
          "type": 0,
          "file": 2,
          "line": 94,
          "col": 14,
          "lit": "false"
        }
      },
      {
        "key": {
          "type": 0,
          "file": 2,
          "line": 95,
          "col": 3,
          "lit": "set-safe-directory"
        },
        "value": {
          "type": 0,
          "file": 2,
          "line": 97,
          "col": 14,
          "lit": "true"
        }
      },
      {
        "key": {
          "type": 0,
          "file": 2,
          "line": 98,
          "col": 3,
          "lit": "github-server-url"
        },
        "value": ""
      },
      {
        "key": {
          "type": 0,
          "file": 2,
          "line": 101,
          "col": 3,
          "lit": "allow-unsafe-pr-checkout"
        },
        "value": {
          "type": 0,
          "file": 2,
          "line": 109,
          "col": 14,
          "lit": "false"
        }
      }
    ]
  },
  "execution": {
    "executionType": "nodeJS",
    "hasPre": false,
    "hasPost": true,
    "script": "dist/index.js",
    "pre": null,
    "post": "dist/index.js",
    "nodeVersion": "node20",
    "cleanupCondition": "always()",
    "initCondition": "always()"
  },
  "deprecated": null
}
[2026-08-26 16:50:50Z INFO ActionManager] Action pre node.js file: N/A.
[2026-08-26 16:50:50Z INFO ActionManager] Action node.js file: dist/index.js.
[2026-08-26 16:50:50Z INFO ActionManager] Action post node.js file: dist/index.js.
[2026-08-26 16:50:50Z INFO HostContext] Well known directory 'Bin': 'C:\Users\idoo1\Desktop\project\docker\docker-projects\project3\actions-runner\bin'
[2026-08-26 16:50:50Z INFO HostContext] Well known directory 'Root': 'C:\Users\idoo1\Desktop\project\docker\docker-projects\project3\actions-runner'
[2026-08-26 16:50:50Z INFO HostContext] Well known directory 'Work': 'C:\Users\idoo1\Desktop\project\docker\docker-projects\project3\actions-runner\_work'
[2026-08-26 16:50:50Z INFO HostContext] Well known directory 'Temp': 'C:\Users\idoo1\Desktop\project\docker\docker-projects\project3\actions-runner\_work\_temp'
[2026-08-26 16:50:50Z INFO ExecutionContext] Write event payload to C:\Users\idoo1\Desktop\project\docker\docker-projects\project3\actions-runner\_work\_temp\_github_workflow\event.json
[2026-08-26 16:50:50Z INFO HostContext] Well known directory 'Bin': 'C:\Users\idoo1\Desktop\project\docker\docker-projects\project3\actions-runner\bin'
[2026-08-26 16:50:50Z INFO HostContext] Well known directory 'Root': 'C:\Users\idoo1\Desktop\project\docker\docker-projects\project3\actions-runner'
[2026-08-26 16:50:50Z INFO HostContext] Well known directory 'Work': 'C:\Users\idoo1\Desktop\project\docker\docker-projects\project3\actions-runner\_work'
[2026-08-26 16:50:50Z INFO HostContext] Well known directory 'Temp': 'C:\Users\idoo1\Desktop\project\docker\docker-projects\project3\actions-runner\_work\_temp'
[2026-08-26 16:50:50Z INFO ExtensionManager] Getting extensions for interface: 'GitHub.Runner.Worker.IFileCommandExtension'
[2026-08-26 16:50:50Z INFO ActionManifestManagerLegacy] Input 'repository': default value evaluate result: {
  "type": 0,
  "file": 2,
  "line": 6,
  "col": 14,
  "lit": "Idoo10502/docker-project"
}
[2026-08-26 16:50:50Z INFO ActionManifestManagerLegacy] Input 'ref': default value evaluate result: ""
[2026-08-26 16:50:50Z INFO ActionManifestManagerLegacy] Input 'token': default value evaluate result: {
  "type": 0,
  "file": 2,
  "line": 24,
  "col": 14,
  "lit": "***"
}
[2026-08-26 16:50:50Z INFO ActionManifestManagerLegacy] Input 'ssh-key': default value evaluate result: ""
[2026-08-26 16:50:50Z INFO ActionManifestManagerLegacy] Input 'ssh-known-hosts': default value evaluate result: ""
[2026-08-26 16:50:50Z INFO ActionManifestManagerLegacy] Input 'ssh-strict': default value evaluate result: {
  "type": 0,
  "file": 2,
  "line": 47,
  "col": 14,
  "lit": "true"
}
[2026-08-26 16:50:50Z INFO ActionManifestManagerLegacy] Input 'ssh-user': default value evaluate result: {
  "type": 0,
  "file": 2,
  "line": 51,
  "col": 14,
  "lit": "git"
}
[2026-08-26 16:50:50Z INFO ActionManifestManagerLegacy] Input 'persist-credentials': default value evaluate result: {
  "type": 0,
  "file": 2,
  "line": 54,
  "col": 14,
  "lit": "true"
}
[2026-08-26 16:50:50Z INFO ActionManifestManagerLegacy] Input 'path': default value evaluate result: ""
[2026-08-26 16:50:50Z INFO ActionManifestManagerLegacy] Input 'clean': default value evaluate result: {
  "type": 0,
  "file": 2,
  "line": 59,
  "col": 14,
  "lit": "true"
}
[2026-08-26 16:50:50Z INFO ActionManifestManagerLegacy] Input 'filter': default value evaluate result: {
  "type": 0,
  "file": 2,
  "line": 64,
  "col": 14,
  "lit": ""
}
[2026-08-26 16:50:50Z INFO ActionManifestManagerLegacy] Input 'sparse-checkout': default value evaluate result: {
  "type": 0,
  "file": 2,
  "line": 69,
  "col": 14,
  "lit": ""
}
[2026-08-26 16:50:50Z INFO ActionManifestManagerLegacy] Input 'sparse-checkout-cone-mode': default value evaluate result: {
  "type": 0,
  "file": 2,
  "line": 73,
  "col": 14,
  "lit": "true"
}
[2026-08-26 16:50:50Z INFO ActionManifestManagerLegacy] Input 'fetch-depth': default value evaluate result: {
  "type": 0,
  "file": 2,
  "line": 76,
  "col": 14,
  "lit": "1"
}
[2026-08-26 16:50:50Z INFO ActionManifestManagerLegacy] Input 'fetch-tags': default value evaluate result: {
  "type": 0,
  "file": 2,
  "line": 79,
  "col": 14,
  "lit": "false"
}
[2026-08-26 16:50:50Z INFO ActionManifestManagerLegacy] Input 'show-progress': default value evaluate result: {
  "type": 0,
  "file": 2,
  "line": 82,
  "col": 14,
  "lit": "true"
}
[2026-08-26 16:50:50Z INFO ActionManifestManagerLegacy] Input 'lfs': default value evaluate result: {
  "type": 0,
  "file": 2,
  "line": 85,
  "col": 14,
  "lit": "false"
}
[2026-08-26 16:50:50Z INFO ActionManifestManagerLegacy] Input 'submodules': default value evaluate result: {
  "type": 0,
  "file": 2,
  "line": 94,
  "col": 14,
  "lit": "false"
}
[2026-08-26 16:50:50Z INFO ActionManifestManagerLegacy] Input 'set-safe-directory': default value evaluate result: {
  "type": 0,
  "file": 2,
  "line": 97,
  "col": 14,
  "lit": "true"
}
[2026-08-26 16:50:50Z INFO ActionManifestManagerLegacy] Input 'github-server-url': default value evaluate result: ""
[2026-08-26 16:50:50Z INFO ActionManifestManagerLegacy] Input 'allow-unsafe-pr-checkout': default value evaluate result: {
  "type": 0,
  "file": 2,
  "line": 109,
  "col": 14,
  "lit": "false"
}
[2026-08-26 16:50:50Z INFO ExtensionManager] Getting extensions for interface: 'GitHub.Runner.Worker.IActionCommandExtension'
[2026-08-26 16:50:50Z INFO ActionCommandManager] Register action command extension for command internal-set-repo-path
[2026-08-26 16:50:50Z INFO ActionCommandManager] Register action command extension for command set-env
[2026-08-26 16:50:50Z INFO ActionCommandManager] Register action command extension for command set-output
[2026-08-26 16:50:50Z INFO ActionCommandManager] Register action command extension for command save-state
[2026-08-26 16:50:50Z INFO ActionCommandManager] Register action command extension for command add-path
[2026-08-26 16:50:50Z INFO ActionCommandManager] Register action command extension for command add-mask
[2026-08-26 16:50:50Z INFO ActionCommandManager] Register action command extension for command add-matcher
[2026-08-26 16:50:50Z INFO ActionCommandManager] Register action command extension for command remove-matcher
[2026-08-26 16:50:50Z INFO ActionCommandManager] Register action command extension for command warning
[2026-08-26 16:50:50Z INFO ActionCommandManager] Register action command extension for command error
[2026-08-26 16:50:50Z INFO ActionCommandManager] Register action command extension for command notice
[2026-08-26 16:50:50Z INFO ActionCommandManager] Register action command extension for command debug
[2026-08-26 16:50:50Z INFO ActionCommandManager] Register action command extension for command group
[2026-08-26 16:50:50Z INFO ActionCommandManager] Register action command extension for command endgroup
[2026-08-26 16:50:50Z INFO ActionCommandManager] Register action command extension for command echo
[2026-08-26 16:50:50Z INFO HostContext] Well known directory 'Bin': 'C:\Users\idoo1\Desktop\project\docker\docker-projects\project3\actions-runner\bin'
[2026-08-26 16:50:50Z INFO HostContext] Well known directory 'Root': 'C:\Users\idoo1\Desktop\project\docker\docker-projects\project3\actions-runner'
[2026-08-26 16:50:50Z INFO HostContext] Well known directory 'Externals': 'C:\Users\idoo1\Desktop\project\docker\docker-projects\project3\actions-runner\externals'
[2026-08-26 16:50:50Z INFO ProcessInvokerWrapper] Starting process:
[2026-08-26 16:50:50Z INFO ProcessInvokerWrapper]   File name: 'C:\Users\idoo1\Desktop\project\docker\docker-projects\project3\actions-runner\externals\node24\bin\node.exe'
[2026-08-26 16:50:50Z INFO ProcessInvokerWrapper]   Arguments: '"C:\Users\idoo1\Desktop\project\docker\docker-projects\project3\actions-runner\_work\_actions\actions\checkout\v4\dist/index.js"'
[2026-08-26 16:50:50Z INFO ProcessInvokerWrapper]   Working directory: 'C:\Users\idoo1\Desktop\project\docker\docker-projects\project3\actions-runner\_work\docker-project\docker-project'
[2026-08-26 16:50:50Z INFO ProcessInvokerWrapper]   Require exit code zero: 'False'
[2026-08-26 16:50:50Z INFO ProcessInvokerWrapper]   Encoding web name: utf-8 ; code page: '65001'
[2026-08-26 16:50:50Z INFO ProcessInvokerWrapper]   Force kill process on cancellation: 'False'
[2026-08-26 16:50:50Z INFO ProcessInvokerWrapper]   Redirected STDIN: 'False'
[2026-08-26 16:50:50Z INFO ProcessInvokerWrapper]   Persist current code page: 'True'
[2026-08-26 16:50:50Z INFO ProcessInvokerWrapper]   Keep redirected STDIN open: 'False'
[2026-08-26 16:50:50Z INFO ProcessInvokerWrapper]   High priority process: 'False'
[2026-08-26 16:50:50Z INFO JobServerQueue] Try to append 1 batches web console lines for record '86b78a1d-5671-460e-973a-a5d04937fb26', success rate: 1/1.
[2026-08-26 16:50:50Z INFO JobServerQueue] Try to append 1 batches web console lines for record '00bb484f-296e-4ffe-8114-4582c7034533', success rate: 1/1.
[2026-08-26 16:50:51Z INFO JobServerQueue] Try to upload 1 log files or attachments, success rate: 1/1.
[2026-08-26 16:50:51Z INFO JobServerQueue] Got a step log file to send to results service.
[2026-08-26 16:50:51Z INFO JobServerQueue] Starting upload of step log file to results service ResultsLog, C:\Users\idoo1\Desktop\project\docker\docker-projects\project3\actions-runner\_diag\blocks\70f8f502-2e50-4ae7-bb69-156b965b4742_86b78a1d-5671-460e-973a-a5d04937fb26.1
[2026-08-26 16:50:51Z INFO ProcessInvokerWrapper] Process started with process id 22720, waiting for process exit.
[2026-08-26 16:50:52Z INFO JobServerQueue] Tried to upload 1 file(s) to results, success rate: 1/1.
[2026-08-26 16:50:52Z INFO AddMaskCommandExtension] Add new secret mask with length of 32
[2026-08-26 16:50:52Z INFO JobServerQueue] Try to append 1 batches web console lines for record '00bb484f-296e-4ffe-8114-4582c7034533', success rate: 1/1.
[2026-08-26 16:50:52Z INFO JobServerQueue] Try to append 1 batches web console lines for record '00bb484f-296e-4ffe-8114-4582c7034533', success rate: 1/1.
[2026-08-26 16:50:54Z INFO JobServerQueue] Try to append 1 batches web console lines for record '00bb484f-296e-4ffe-8114-4582c7034533', success rate: 1/1.
[2026-08-26 16:50:54Z INFO ProcessInvokerWrapper] STDOUT/STDERR stream read finished.
[2026-08-26 16:50:54Z INFO ProcessInvokerWrapper] STDOUT/STDERR stream read finished.
[2026-08-26 16:50:54Z INFO ProcessInvokerWrapper] Finished process 22720 with exit code 0, and elapsed time 00:00:03.4868418.
[2026-08-26 16:50:54Z INFO CreateStepSummaryCommand] Step Summary file (C:\Users\idoo1\Desktop\project\docker\docker-projects\project3\actions-runner\_work\_temp\_runner_file_commands\step_summary_3ba9a855-a9c1-4191-8dfe-9a16b3c6e9cf) is empty; skipping attachment upload
[2026-08-26 16:50:54Z INFO StepsRunner] Step result: 
[2026-08-26 16:50:54Z INFO ExecutionContext] Publish step telemetry for current step {
  "action": "actions/checkout",
  "ref": "v4",
  "type": "node24",
  "stage": "Post",
  "stepId": "00bb484f-296e-4ffe-8114-4582c7034533",
  "result": "succeeded",
  "errorMessages": [
    "The process 'C:\\Program Files\\Git\\cmd\\git.exe' failed with exit code 128"
  ],
  "executionTimeInSeconds": 4,
  "startTime": "2026-08-26T16:50:50.4973963Z",
  "finishTime": "2026-08-26T16:50:54.0387171Z"
}.
[2026-08-26 16:50:54Z INFO StepsRunner] No need for updating job result with current step result 'Succeeded'.
[2026-08-26 16:50:54Z INFO StepsRunner] Current state: job state = 'Failed'
[2026-08-26 16:50:54Z INFO JobRunner] Finalize job.
[2026-08-26 16:50:54Z INFO HostContext] Well known directory 'Bin': 'C:\Users\idoo1\Desktop\project\docker\docker-projects\project3\actions-runner\bin'
[2026-08-26 16:50:54Z INFO HostContext] Well known directory 'Root': 'C:\Users\idoo1\Desktop\project\docker\docker-projects\project3\actions-runner'
[2026-08-26 16:50:54Z INFO HostContext] Well known directory 'Diag': 'C:\Users\idoo1\Desktop\project\docker\docker-projects\project3\actions-runner\_diag'
[2026-08-26 16:50:54Z INFO HostContext] Well known directory 'Bin': 'C:\Users\idoo1\Desktop\project\docker\docker-projects\project3\actions-runner\bin'
[2026-08-26 16:50:54Z INFO HostContext] Well known directory 'Root': 'C:\Users\idoo1\Desktop\project\docker\docker-projects\project3\actions-runner'
[2026-08-26 16:50:54Z INFO HostContext] Well known directory 'Diag': 'C:\Users\idoo1\Desktop\project\docker\docker-projects\project3\actions-runner\_diag'
[2026-08-26 16:50:54Z INFO JobExtension] Initialize Env context
[2026-08-26 16:50:54Z INFO JobExtension] Initialize steps context
[2026-08-26 16:50:54Z INFO JobExtension] Total accessible running process: 379.
[2026-08-26 16:50:54Z INFO JobExtension] Inspecting process environment variables. PID: 20044 (svchost)
[2026-08-26 16:50:54Z WARN JobExtension] Ignore exception during read process environment variables: Access is denied.
[2026-08-26 16:50:54Z INFO JobExtension] Inspecting process environment variables. PID: 9260 (svchost)
[2026-08-26 16:50:54Z WARN JobExtension] Ignore exception during read process environment variables: Access is denied.
[2026-08-26 16:50:54Z INFO JobExtension] Inspecting process environment variables. PID: 22152 (WmiPrvSE)
[2026-08-26 16:50:54Z WARN JobExtension] Ignore exception during read process environment variables: Access is denied.
[2026-08-26 16:50:54Z INFO JobExtension] Inspecting process environment variables. PID: 17696 (svchost)
[2026-08-26 16:50:54Z WARN JobExtension] Ignore exception during read process environment variables: Access is denied.
[2026-08-26 16:50:54Z INFO JobExtension] Inspecting process environment variables. PID: 34716 (dllhost)
[2026-08-26 16:50:54Z INFO JobExtension] Inspecting process environment variables. PID: 11200 (git)
[2026-08-26 16:50:54Z INFO JobExtension] Inspecting process environment variables. PID: 14604 (conhost)
[2026-08-26 16:50:54Z INFO JobExtension] Inspecting process environment variables. PID: 28588 (git)
[2026-08-26 16:50:54Z INFO JobExtension] Inspecting process environment variables. PID: 21576 (docker)
[2026-08-26 16:50:54Z INFO JobExtension] Inspecting process environment variables. PID: 11388 (conhost)
[2026-08-26 16:50:54Z INFO JobExtension] Inspecting process environment variables. PID: 19696 (docker)
[2026-08-26 16:50:54Z INFO JobExtension] Inspecting process environment variables. PID: 35000 (docker)
[2026-08-26 16:50:54Z INFO JobExtension] Inspecting process environment variables. PID: 15968 (conhost)
[2026-08-26 16:50:54Z INFO JobExtension] Inspecting process environment variables. PID: 35676 (conhost)
[2026-08-26 16:50:54Z INFO JobExtension] Inspecting process environment variables. PID: 28868 (git)
[2026-08-26 16:50:54Z INFO JobServerQueue] Try to append 1 batches web console lines for record '00bb484f-296e-4ffe-8114-4582c7034533', success rate: 1/1.
[2026-08-26 16:50:54Z INFO JobServerQueue] Try to append 1 batches web console lines for record 'e028e057-96f5-49b1-af99-0b452a73cb2b', success rate: 1/1.
[2026-08-26 16:50:54Z INFO JobExtension] Inspecting process environment variables. PID: 14264 (conhost)
[2026-08-26 16:50:54Z INFO JobExtension] Inspecting process environment variables. PID: 36612 (git)
[2026-08-26 16:50:54Z INFO JobExtension] Inspecting process environment variables. PID: 7072 (powershell)
[2026-08-26 16:50:54Z INFO JobExtension] Inspecting process environment variables. PID: 35428 (powershell)
[2026-08-26 16:50:54Z INFO JobExtension] Inspecting process environment variables. PID: 1040 (conhost)
[2026-08-26 16:50:54Z INFO JobExtension] Inspecting process environment variables. PID: 14100 (conhost)
[2026-08-26 16:50:54Z INFO JobExtension] Wait for all connectivity checks to finish.
[2026-08-26 16:50:54Z INFO JobExtension] Connectivity check result: {
  "endpointUrl": "https://broker.actions.githubusercontent.com/health",
  "endpointIPs": null,
  "startTime": "2026-08-26T16:50:35.8446998Z",
  "statusCode": "http_OK",
  "requestId": "CB01:18EE91:4E1F7:5A097:6A8F195B",
  "httpRequestDurationInMs": 423,
  "dnsResolutionDurationInMs": 0,
  "dnsError": null
}
[2026-08-26 16:50:54Z INFO JobExtension] Connectivity check result: {
  "endpointUrl": "https://token.actions.githubusercontent.com/ready",
  "endpointIPs": null,
  "startTime": "2026-08-26T16:50:35.8457022Z",
  "statusCode": "http_NoContent",
  "requestId": "CB00:1A4977:1B9E859:200713B:6A8F195B",
  "httpRequestDurationInMs": 459,
  "dnsResolutionDurationInMs": 0,
  "dnsError": null
}
[2026-08-26 16:50:54Z INFO JobExtension] Connectivity check result: {
  "endpointUrl": "https://run.actions.githubusercontent.com/health",
  "endpointIPs": null,
  "startTime": "2026-08-26T16:50:35.84594Z",
  "statusCode": "http_OK",
  "requestId": "CB02:27336B:4FFE6:5A73B:6A8F195B",
  "httpRequestDurationInMs": 444,
  "dnsResolutionDurationInMs": 0,
  "dnsError": null
}
[2026-08-26 16:50:54Z INFO ExecutionContext] Publish step telemetry for current step {
  "action": "complete_job",
  "type": "runner",
  "stage": "Post",
  "stepId": "e028e057-96f5-49b1-af99-0b452a73cb2b",
  "result": "succeeded",
  "errorMessages": [
    "Node.js 20 is deprecated. The following actions target Node.js 20 but are being forced to run on Node.js 24: actions/checkout@v4. For more information see: https://github.blog/changelog/2025-09-19-deprecation-of-node-20-on-github-actions-runners/"
  ],
  "executionTimeInSeconds": 1,
  "startTime": "2026-08-26T16:50:54.0555017Z",
  "finishTime": "2026-08-26T16:50:54.3432385Z"
}.
[2026-08-26 16:50:54Z INFO JobRunner] Job result after all job steps finish: Failed
[2026-08-26 16:50:54Z INFO JobRunner] Completing the job execution context.
[2026-08-26 16:50:54Z INFO JobRunner] Shutting down the job server queue.
[2026-08-26 16:50:54Z INFO JobServerQueue] Fire signal to shutdown all queues.
[2026-08-26 16:50:55Z INFO JobServerQueue] All queue process task stopped.
[2026-08-26 16:50:55Z INFO JobServerQueue] Try to append 1 batches web console lines for record 'e028e057-96f5-49b1-af99-0b452a73cb2b', success rate: 1/1.
[2026-08-26 16:50:55Z INFO JobServerQueue] Web console line queue drained.
[2026-08-26 16:50:55Z INFO JobServerQueue] Uploading 3 files in one shot.
[2026-08-26 16:50:55Z INFO JobServerQueue] Try to upload 3 log files or attachments, success rate: 3/3.
[2026-08-26 16:50:55Z INFO JobServerQueue] File upload queue drained.
[2026-08-26 16:50:55Z INFO JobServerQueue] Starting results-based upload queue...
[2026-08-26 16:50:55Z INFO JobServerQueue] Uploading 3 file(s) in one shot through results service.
[2026-08-26 16:50:55Z INFO JobServerQueue] Got a step log file to send to results service.
[2026-08-26 16:50:55Z INFO JobServerQueue] Starting upload of step log file to results service ResultsLog, C:\Users\idoo1\Desktop\project\docker\docker-projects\project3\actions-runner\_diag\blocks\70f8f502-2e50-4ae7-bb69-156b965b4742_00bb484f-296e-4ffe-8114-4582c7034533.1
[2026-08-26 16:50:55Z INFO JobServerQueue] Got a step log file to send to results service.
[2026-08-26 16:50:55Z INFO JobServerQueue] Starting upload of step log file to results service ResultsLog, C:\Users\idoo1\Desktop\project\docker\docker-projects\project3\actions-runner\_diag\blocks\70f8f502-2e50-4ae7-bb69-156b965b4742_e028e057-96f5-49b1-af99-0b452a73cb2b.1
[2026-08-26 16:50:56Z INFO JobServerQueue] Got a job log file to send to results service.
[2026-08-26 16:50:56Z INFO JobServerQueue] Starting upload of job log file to results service ResultsLog, C:\Users\idoo1\Desktop\project\docker\docker-projects\project3\actions-runner\_diag\blocks\70f8f502-2e50-4ae7-bb69-156b965b4742_7d1e8951-82b5-571a-a7cd-b9a642030e81.1
[2026-08-26 16:50:56Z INFO JobServerQueue] Tried to upload 3 file(s) to results, success rate: 3/3.
[2026-08-26 16:50:56Z INFO JobServerQueue] Results upload queue drained.
[2026-08-26 16:50:56Z INFO JobServerQueue] Timeline update queue drained.
[2026-08-26 16:50:56Z INFO JobServerQueue] Disposing job server ...
[2026-08-26 16:50:56Z INFO JobServerQueue] Disposing results server ...
[2026-08-26 16:50:56Z INFO JobServerQueue] All queue process tasks have been stopped, and all queues are drained.
[2026-08-26 16:50:56Z INFO TempDirectoryManager] Cleaning runner temp folder: C:\Users\idoo1\Desktop\project\docker\docker-projects\project3\actions-runner\_work\_temp
[2026-08-26 16:50:56Z INFO HostContext] Well known directory 'Bin': 'C:\Users\idoo1\Desktop\project\docker\docker-projects\project3\actions-runner\bin'
[2026-08-26 16:50:56Z INFO HostContext] Well known directory 'Root': 'C:\Users\idoo1\Desktop\project\docker\docker-projects\project3\actions-runner'
[2026-08-26 16:50:56Z INFO HostContext] Well known directory 'Diag': 'C:\Users\idoo1\Desktop\project\docker\docker-projects\project3\actions-runner\_diag'
[2026-08-26 16:50:56Z INFO HostContext] Well known config file 'Telemetry': 'C:\Users\idoo1\Desktop\project\docker\docker-projects\project3\actions-runner\_diag\.telemetry'
[2026-08-26 16:50:56Z INFO JobRunner] Raising job completed against run service
[2026-08-26 16:50:57Z INFO Worker] Job completed.
